time,equity,event,pair,trade_key,n_open,open_risk_pct
2011-02-21 09:15:00,100000.0,START,,,0,0.0
2011-02-21 09:15:00,100000.0,ENTRY,GBPUSD,GBPUSD_1,1,1.0
2011-02-21 10:10:00,100437.41,TP1,GBPUSD,GBPUSD_1,1,0.0
2011-02-21 10:50:00,100373.86,BE_STOP,GBPUSD,GBPUSD_1,0,0.0
2011-03-14 14:25:00,100373.86,ENTRY,EURUSD,EURUSD_1,1,1.5
2011-03-14 20:45:00,100915.43,TP1,EURUSD,EURUSD_1,1,0.0
2011-03-14 21:50:00,101753.39,TP2,EURUSD,EURUSD_1,0,0.0
2011-04-01 16:00:00,101753.39,ENTRY,GBPUSD,GBPUSD_2,1,1.0
2011-04-01 16:35:00,102198.2,TP1,GBPUSD,GBPUSD_2,1,0.0
2011-04-03 18:15:00,102141.28,BE_STOP,GBPUSD,GBPUSD_2,0,0.0
2011-04-17 17:05:00,102141.28,ENTRY,GBPUSD,GBPUSD_3,1,1.0
2011-04-17 21:05:00,101072.57,STOP,GBPUSD,GBPUSD_3,0,0.0
2011-05-03 10:30:00,101072.57,ENTRY,USDJPY,USDJPY_1,1,1.5
2011-05-03 11:20:00,101623.27,TP1,USDJPY,USDJPY_1,1,0.0
2011-05-03 11:45:00,102495.69,TP2,USDJPY,USDJPY_1,0,0.0
2011-07-27 16:05:00,102495.69,ENTRY,GBPUSD,GBPUSD_4,1,1.0
2011-07-27 17:05:00,102802.73,TP1,GBPUSD,GBPUSD_4,1,0.0
2011-07-27 18:00:00,102795.15,BE_STOP,GBPUSD,GBPUSD_4,0,0.0
2011-08-14 17:55:00,102795.15,ENTRY,GBPUSD,GBPUSD_5,1,1.0
2011-08-14 20:25:00,103223.61,TP1,GBPUSD,GBPUSD_5,1,0.0
2011-08-14 20:50:00,103169.63,BE_STOP,GBPUSD,GBPUSD_5,0,0.0
2011-08-30 17:10:00,103169.63,ENTRY,GBPUSD,GBPUSD_6,1,1.0
2011-08-31 02:30:00,102044.81,STOP,GBPUSD,GBPUSD_6,0,0.0
2011-12-11 17:00:00,102044.81,ENTRY,USDJPY,USDJPY_2,1,1.5
2011-12-11 17:05:00,102017.04,BE_STOP,USDJPY,USDJPY_2,0,0.0
2011-12-16 09:25:00,102017.04,ENTRY,GBPUSD,GBPUSD_7,1,1.0
2011-12-16 09:30:00,102431.56,TP1,GBPUSD,GBPUSD_7,1,0.0
2011-12-16 09:45:00,103013.34,TP2,GBPUSD,GBPUSD_7,0,0.0
2012-02-03 16:20:00,103013.34,ENTRY,GBPUSD,GBPUSD_8,1,1.0
2012-02-03 16:50:00,103401.89,TP1,GBPUSD,GBPUSD_8,1,0.0
2012-02-03 16:55:00,103381.23,BE_STOP,GBPUSD,GBPUSD_8,0,0.0
2012-02-16 08:30:00,103381.23,ENTRY,GBPUSD,GBPUSD_9,1,1.0
2012-02-16 09:10:00,102342.1,STOP,GBPUSD,GBPUSD_9,0,0.0
2012-05-23 09:30:00,102342.1,ENTRY,USDJPY,USDJPY_3,1,1.5
2012-05-23 09:40:00,100721.31,STOP,USDJPY,USDJPY_3,0,0.0
2012-08-02 13:35:00,100721.31,ENTRY,GBPUSD,GBPUSD_10,1,1.0
2012-08-02 14:35:00,101137.57,TP1,GBPUSD,GBPUSD_10,1,0.0
2012-08-02 14:55:00,101112.42,BE_STOP,GBPUSD,GBPUSD_10,0,0.0
2012-10-17 09:55:00,101112.42,ENTRY,GBPUSD,GBPUSD_11,1,1.0
2012-10-17 13:40:00,101477.81,TP1,GBPUSD,GBPUSD_11,1,0.0
2012-10-17 19:05:00,102076.41,TP2,GBPUSD,GBPUSD_11,0,0.0
2012-11-21 11:05:00,102076.41,ENTRY,GBPUSD,GBPUSD_12,1,1.0
2012-11-21 14:40:00,101034.51,STOP,GBPUSD,GBPUSD_12,0,0.0
2012-12-03 10:20:00,101034.51,ENTRY,USDJPY,USDJPY_4,1,1.5
2012-12-03 13:45:00,101529.91,TP1,USDJPY,USDJPY_4,1,0.0
2012-12-03 15:40:00,101312.95,BE_STOP,USDJPY,USDJPY_4,0,0.0
2012-12-14 09:30:00,101312.95,ENTRY,GBPUSD,GBPUSD_13,1,1.0
2012-12-14 11:05:00,101744.21,TP1,GBPUSD,GBPUSD_13,1,0.0
2012-12-14 11:15:00,102276.99,TP2,GBPUSD,GBPUSD_13,0,0.0
2012-12-31 10:40:00,102276.99,ENTRY,EURUSD,EURUSD_2,1,1.5
2012-12-31 10:55:00,103112.37,TP2,EURUSD,EURUSD_2,0,0.0
2013-03-13 09:10:00,103112.37,ENTRY,GBPUSD,GBPUSD_14,1,1.0
2013-03-13 09:35:00,103550.57,TP1,GBPUSD,GBPUSD_14,1,0.0
2013-03-13 09:40:00,104122.91,TP2,GBPUSD,GBPUSD_14,0,0.0
2013-04-15 17:20:00,104122.91,ENTRY,GBPUSD,GBPUSD_15,1,1.0
2013-04-15 18:00:00,104473.55,TP1,GBPUSD,GBPUSD_15,1,0.0
2013-04-15 21:05:00,104464.17,BE_STOP,GBPUSD,GBPUSD_15,0,0.0
2013-04-22 10:25:00,104464.17,ENTRY,EURUSD,EURUSD_3,1,1.5
2013-04-22 10:35:00,105133.74,TP1,EURUSD,EURUSD_3,1,0.0
2013-04-22 11:15:00,105132.48,BE_STOP,EURUSD,EURUSD_3,0,0.0
2013-08-01 08:15:00,105132.48,ENTRY,GBPUSD,GBPUSD_16,1,1.0
2013-08-01 08:30:00,105685.46,TP2,GBPUSD,GBPUSD_16,0,0.0
2013-09-24 10:25:00,105685.46,ENTRY,EURUSD,EURUSD_4,1,1.5
2013-09-24 10:35:00,106244.42,TP1,EURUSD,EURUSD_4,1,0.0
2013-09-24 10:45:00,107104.54,TP2,EURUSD,EURUSD_4,0,0.0
2013-10-08 10:45:00,107104.54,ENTRY,GBPUSD,GBPUSD_17,1,1.0
2013-10-08 11:05:00,107573.11,TP1,GBPUSD,GBPUSD_17,1,0.0
2013-10-08 11:30:00,108196.67,TP2,GBPUSD,GBPUSD_17,0,0.0
2014-01-13 10:15:00,108196.67,ENTRY,EURUSD,EURUSD_5,1,1.5
2014-01-13 12:50:00,108791.04,TP1,EURUSD,EURUSD_5,1,0.0
2014-01-13 13:00:00,108753.45,BE_STOP,EURUSD,EURUSD_5,0,0.0
2014-01-23 14:55:00,108753.45,ENTRY,GBPUSD,GBPUSD_18,1,1.0
2014-01-23 16:05:00,107515.76,STOP,GBPUSD,GBPUSD_18,0,0.0
2014-03-10 12:10:00,107515.76,ENTRY,USDJPY,USDJPY_5,1,1.5
2014-03-10 20:00:00,108213.38,TP1,USDJPY,USDJPY_5,1,0.0
2014-03-10 22:45:00,109149.61,TP2,USDJPY,USDJPY_5,0,0.0
2014-04-25 09:35:00,109149.61,ENTRY,USDJPY,USDJPY_6,1,1.5
2014-04-25 11:55:00,109607.72,TP1,USDJPY,USDJPY_6,1,0.0
2014-04-25 12:30:00,110555.39,TP2,USDJPY,USDJPY_6,0,0.0
2014-05-16 10:55:00,110555.39,ENTRY,GBPUSD,GBPUSD_19,1,1.0
2014-05-16 16:20:00,110998.44,TP1,GBPUSD,GBPUSD_19,1,0.0
2014-05-18 20:15:00,110976.18,BE_STOP,GBPUSD,GBPUSD_19,0,0.0
2014-06-06 09:00:00,110976.18,ENTRY,GBPUSD,GBPUSD_20,1,1.0
2014-06-06 09:10:00,109848.03,STOP,GBPUSD,GBPUSD_20,0,0.0
2014-06-11 09:20:00,109848.03,ENTRY,EURUSD,EURUSD_6,1,1.5
2014-06-11 09:50:00,110539.1,TP1,EURUSD,EURUSD_6,1,0.0
2014-06-11 10:15:00,111440.35,TP2,EURUSD,EURUSD_6,0,0.0
2014-06-13 10:30:00,111440.35,ENTRY,USDJPY,USDJPY_7,1,1.5
2014-06-13 11:35:00,111440.35,ENTRY,GBPUSD,GBPUSD_21,2,2.5
2014-06-13 14:00:00,111833.89,TP1,GBPUSD,GBPUSD_21,2,1.4947
2014-06-13 16:45:00,111829.26,BE_STOP,GBPUSD,GBPUSD_21,1,1.4948
2014-06-15 20:00:00,112375.11,TP1,USDJPY,USDJPY_7,1,0.0
2014-06-15 21:25:00,113300.59,TP2,USDJPY,USDJPY_7,0,0.0
2014-07-10 12:05:00,113300.59,ENTRY,EURUSD,EURUSD_7,1,1.5
2014-07-10 12:20:00,111582.45,STOP,EURUSD,EURUSD_7,0,0.0
2014-07-15 12:10:00,111582.45,ENTRY,EURUSD,EURUSD_8,1,1.5
2014-07-16 00:30:00,109759.37,STOP,EURUSD,EURUSD_8,0,0.0
2014-08-08 11:10:00,109759.37,ENTRY,GBPUSD,GBPUSD_22,1,1.0
2014-08-08 11:30:00,108344.35,STOP,GBPUSD,GBPUSD_22,0,0.0
2014-08-26 10:10:00,108344.35,ENTRY,GBPUSD,GBPUSD_23,1,1.0
2014-08-26 11:45:00,107137.84,STOP,GBPUSD,GBPUSD_23,0,0.0
2014-09-02 11:10:00,107137.84,ENTRY,EURUSD,EURUSD_9,1,1.5
2014-09-02 13:30:00,107840.96,TP1,EURUSD,EURUSD_9,1,0.0
2014-09-02 14:40:00,107803.89,BE_STOP,EURUSD,EURUSD_9,0,0.0
2014-10-02 12:10:00,107803.89,ENTRY,GBPUSD,GBPUSD_24,1,1.0
2014-10-02 12:50:00,108232.07,TP1,GBPUSD,GBPUSD_24,1,0.0
2014-10-02 14:30:00,108864.45,TP2,GBPUSD,GBPUSD_24,0,0.0
2014-10-09 15:35:00,108864.45,ENTRY,GBPUSD,GBPUSD_25,1,1.0
2014-10-09 21:10:00,109247.43,TP1,GBPUSD,GBPUSD_25,1,0.0
2014-10-09 22:45:00,109245.78,BE_STOP,GBPUSD,GBPUSD_25,0,0.0
2014-10-27 14:25:00,109245.78,ENTRY,USDJPY,USDJPY_8,1,1.5
2014-10-27 15:45:00,109972.85,TP1,USDJPY,USDJPY_8,1,0.0
2014-10-27 17:45:00,110837.6,TP2,USDJPY,USDJPY_8,0,0.0
2014-12-15 08:00:00,110837.6,ENTRY,EURUSD,EURUSD_10,1,1.5
2014-12-15 08:15:00,108989.18,STOP,EURUSD,EURUSD_10,0,0.0
2015-01-20 16:15:00,108989.18,ENTRY,USDJPY,USDJPY_9,1,1.5
2015-01-20 17:55:00,109527.35,TP1,USDJPY,USDJPY_9,1,0.0
2015-01-20 18:30:00,110449.24,TP2,USDJPY,USDJPY_9,0,0.0
2015-03-02 12:10:00,110449.24,ENTRY,GBPUSD,GBPUSD_26,1,1.0
2015-03-02 22:30:00,110918.96,TP1,GBPUSD,GBPUSD_26,1,0.0
2015-03-03 01:00:00,111525.96,TP2,GBPUSD,GBPUSD_26,0,0.0
2015-05-04 07:30:00,111525.96,ENTRY,EURUSD,EURUSD_11,1,1.5
2015-05-04 08:05:00,112230.16,TP1,EURUSD,EURUSD_11,1,0.0
2015-05-04 08:10:00,113200.08,TP2,EURUSD,EURUSD_11,0,0.0
2015-05-04 09:50:00,113200.08,ENTRY,USDJPY,USDJPY_10,1,1.5
2015-05-04 10:15:00,113800.5,TP1,USDJPY,USDJPY_10,1,0.0
2015-05-04 10:25:00,113759.8,BE_STOP,USDJPY,USDJPY_10,0,0.0
2015-09-30 07:20:00,113759.8,ENTRY,USDJPY,USDJPY_11,1,1.5
2015-09-30 08:25:00,114469.34,TP1,USDJPY,USDJPY_11,1,0.0
2015-09-30 08:50:00,115419.84,TP2,USDJPY,USDJPY_11,0,0.0
2015-10-01 15:50:00,115419.84,ENTRY,USDJPY,USDJPY_12,1,1.5
2015-10-01 19:50:00,116187.14,TP1,USDJPY,USDJPY_12,1,0.0
2015-10-01 20:15:00,116104.85,BE_STOP,USDJPY,USDJPY_12,0,0.0
2015-10-28 11:45:00,116104.85,ENTRY,USDJPY,USDJPY_13,1,1.5
2015-10-28 11:55:00,117039.47,TP2,USDJPY,USDJPY_13,0,0.0
2015-12-07 10:10:00,117039.47,ENTRY,USDJPY,USDJPY_14,1,1.5
2015-12-07 10:25:00,117619.88,TP1,USDJPY,USDJPY_14,1,0.0
2015-12-07 10:40:00,118583.65,TP2,USDJPY,USDJPY_14,0,0.0
2015-12-22 08:00:00,118583.65,ENTRY,USDJPY,USDJPY_15,1,1.5
2015-12-22 10:05:00,116641.6,STOP,USDJPY,USDJPY_15,0,0.0
2016-02-02 08:10:00,116641.6,ENTRY,USDJPY,USDJPY_16,1,1.5
2016-02-02 08:20:00,117420.12,TP1,USDJPY,USDJPY_16,1,0.0
2016-02-02 08:50:00,118366.96,TP2,USDJPY,USDJPY_16,0,0.0
2016-02-12 15:35:00,118366.96,ENTRY,GBPUSD,GBPUSD_27,1,1.0
2016-02-12 16:40:00,118773.8,TP1,GBPUSD,GBPUSD_27,1,0.0
2016-02-12 16:55:00,118764.11,BE_STOP,GBPUSD,GBPUSD_27,0,0.0
2016-04-21 08:40:00,118764.11,ENTRY,USDJPY,USDJPY_17,1,1.5
2016-04-21 08:45:00,119339.56,TP1,USDJPY,USDJPY_17,1,0.0
2016-04-21 08:50:00,119275.94,BE_STOP,USDJPY,USDJPY_17,0,0.0
2016-05-26 14:00:00,119275.94,ENTRY,GBPUSD,GBPUSD_28,1,1.0
2016-05-26 15:55:00,119790.07,TP1,GBPUSD,GBPUSD_28,1,0.0
2016-05-26 16:50:00,120489.41,TP2,GBPUSD,GBPUSD_28,0,0.0
2016-07-26 10:00:00,120489.41,ENTRY,EURUSD,EURUSD_12,1,1.5
2016-07-26 10:40:00,118586.46,STOP,EURUSD,EURUSD_12,0,0.0
2016-08-15 14:10:00,118586.46,ENTRY,USDJPY,USDJPY_18,1,1.5
2016-08-15 20:05:00,119227.56,TP1,USDJPY,USDJPY_18,1,0.0
2016-08-15 20:30:00,119224.13,BE_STOP,USDJPY,USDJPY_18,0,0.0
2016-12-28 09:55:00,119224.13,ENTRY,GBPUSD,GBPUSD_29,1,1.0
2016-12-28 10:20:00,119671.59,TP1,GBPUSD,GBPUSD_29,1,0.0
2016-12-28 10:55:00,120381.97,TP2,GBPUSD,GBPUSD_29,0,0.0
2017-01-02 18:10:00,120381.97,ENTRY,EURUSD,EURUSD_13,1,1.5
2017-01-02 19:35:00,121072.53,TP1,EURUSD,EURUSD_13,1,0.0
2017-01-02 20:25:00,122094.4,TP2,EURUSD,EURUSD_13,0,0.0
2017-01-17 18:00:00,122094.4,ENTRY,GBPUSD,GBPUSD_30,1,1.0
2017-01-17 18:35:00,122376.52,TP1,GBPUSD,GBPUSD_30,1,0.0
2017-01-17 19:35:00,122976.23,TP2,GBPUSD,GBPUSD_30,0,0.0
2017-03-31 09:05:00,122976.23,ENTRY,USDJPY,USDJPY_19,1,1.5
2017-03-31 09:10:00,121002.03,STOP,USDJPY,USDJPY_19,0,0.0
2017-04-09 17:45:00,121002.03,ENTRY,GBPUSD,GBPUSD_31,1,1.0
2017-04-10 01:45:00,121518.17,TP1,GBPUSD,GBPUSD_31,1,0.0
2017-04-10 03:35:00,122147.89,TP2,GBPUSD,GBPUSD_31,0,0.0
2017-05-24 14:00:00,122147.89,ENTRY,USDJPY,USDJPY_20,1,1.5
2017-07-05 08:25:00,122147.89,ENTRY,USDJPY,USDJPY_21,2,3.0
2017-07-05 09:40:00,122925.91,TP1,USDJPY,USDJPY_21,2,1.4905
2017-07-05 10:00:00,124017.91,TP2,USDJPY,USDJPY_21,1,1.4774
2017-07-26 08:30:00,124017.91,ENTRY,USDJPY,USDJPY_22,2,2.9774
2017-07-26 09:20:00,124555.67,TP1,USDJPY,USDJPY_22,2,1.471
2017-07-26 09:35:00,124300.89,BE_STOP,USDJPY,USDJPY_22,1,1.474
2017-07-28 08:55:00,124300.89,ENTRY,USDJPY,USDJPY_23,2,2.974
2017-07-28 10:00:00,125093.38,TP1,USDJPY,USDJPY_23,2,1.4647
2017-07-28 11:05:00,126129.05,TP2,USDJPY,USDJPY_23,1,1.4527
2017-09-15 07:35:00,126129.05,ENTRY,USDJPY,USDJPY_24,2,2.9527
2017-09-15 08:10:00,126925.6,TP1,USDJPY,USDJPY_24,2,1.4435
2017-09-15 08:30:00,127976.78,TP2,USDJPY,USDJPY_24,1,1.4317
2017-09-18 14:10:00,127976.78,ENTRY,EURUSD,EURUSD_14,2,2.9317
2017-09-18 14:25:00,128817.77,TP1,EURUSD,EURUSD_14,2,1.4223
2017-09-18 14:35:00,129857.2,TP2,EURUSD,EURUSD_14,1,1.4109
2017-12-04 08:55:00,129857.2,ENTRY,USDJPY,USDJPY_25,2,2.9109
2017-12-04 09:35:00,127670.42,STOP,USDJPY,USDJPY_25,1,1.4351
2018-01-09 11:15:00,127670.42,ENTRY,GBPUSD,GBPUSD_32,2,2.4351
2018-01-09 13:55:00,128215.33,TP1,GBPUSD,GBPUSD_32,2,1.429
2018-01-10 00:50:00,128139.91,BE_STOP,GBPUSD,GBPUSD_32,1,1.4299
2018-02-01 07:25:00,128139.91,ENTRY,USDJPY,USDJPY_26,2,2.9299
2018-02-01 08:15:00,128965.15,TP1,USDJPY,USDJPY_26,2,1.4207
2018-02-01 08:35:00,130091.76,TP2,USDJPY,USDJPY_26,1,1.4084
2018-02-16 08:40:00,130091.76,ENTRY,USDJPY,USDJPY_27,2,2.9084
2018-02-16 09:30:00,127925.37,STOP,USDJPY,USDJPY_27,1,1.4323
2018-03-12 09:25:00,127925.37,ENTRY,EURUSD,EURUSD_15,2,2.9323
2018-03-12 09:55:00,128682.56,TP1,EURUSD,EURUSD_15,2,1.4238
2018-03-12 10:10:00,129752.93,TP2,EURUSD,EURUSD_15,1,1.4121
2018-03-19 14:50:00,129752.93,ENTRY,USDJPY,USDJPY_28,2,2.9121
2018-03-19 15:05:00,130866.98,TP2,USDJPY,USDJPY_28,1,1.4001
2018-04-24 09:15:00,130866.98,ENTRY,EURUSD,EURUSD_16,2,2.9001
2018-04-24 09:25:00,128738.69,STOP,EURUSD,EURUSD_16,1,1.4232
2018-05-31 08:35:00,128738.69,ENTRY,GBPUSD,GBPUSD_33,2,2.4232
2018-05-31 09:00:00,129266.69,TP1,GBPUSD,GBPUSD_33,2,1.4174
2018-05-31 09:20:00,129926.81,TP2,GBPUSD,GBPUSD_33,1,1.4102
2018-06-13 15:05:00,129926.81,ENTRY,GBPUSD,GBPUSD_34,2,2.4102
2018-06-13 23:50:00,128509.26,STOP,GBPUSD,GBPUSD_34,1,1.4257
2018-07-05 12:00:00,128509.26,ENTRY,USDJPY,USDJPY_29,2,2.9257
2018-07-05 14:00:00,129189.42,TP1,USDJPY,USDJPY_29,2,1.4182
2018-07-05 14:10:00,129174.67,BE_STOP,USDJPY,USDJPY_29,1,1.4184
2018-07-18 09:40:00,129174.67,ENTRY,USDJPY,USDJPY_30,2,2.9184
2018-07-18 20:10:00,127043.72,STOP,USDJPY,USDJPY_30,1,1.4422
2018-08-07 09:55:00,127043.72,ENTRY,EURUSD,EURUSD_17,2,2.9422
2018-08-07 10:15:00,127878.25,TP1,EURUSD,EURUSD_17,2,1.4328
2018-08-07 13:25:00,128992.9,TP2,EURUSD,EURUSD_17,1,1.4204
2018-09-21 12:35:00,128992.9,ENTRY,USDJPY,USDJPY_31,2,2.9204
2018-09-23 17:00:00,127000.2,STOP,USDJPY,USDJPY_31,1,1.4427
2018-09-24 10:15:00,127000.2,ENTRY,USDJPY,USDJPY_32,2,2.9427
2018-09-24 10:35:00,127855.58,TP1,USDJPY,USDJPY_32,2,1.433
2018-09-24 11:10:00,127711.14,BE_STOP,USDJPY,USDJPY_32,1,1.4347
2018-10-10 14:15:00,127711.14,ENTRY,EURUSD,EURUSD_18,2,2.9347
2018-10-10 14:45:00,128536.82,TP1,EURUSD,EURUSD_18,2,1.4254
2018-10-10 15:15:00,129612.61,TP2,EURUSD,EURUSD_18,1,1.4136
2018-10-23 14:15:00,129612.61,ENTRY,EURUSD,EURUSD_19,2,2.9136
2018-10-23 14:30:00,130418.71,TP1,EURUSD,EURUSD_19,2,1.4049
2018-10-23 14:40:00,131485.08,TP2,EURUSD,EURUSD_19,1,1.3935
2018-10-30 10:05:00,131485.08,ENTRY,USDJPY,USDJPY_33,2,2.8935
2018-10-30 10:25:00,132238.81,TP1,USDJPY,USDJPY_33,2,1.3855
2018-10-30 10:40:00,133363.46,TP2,USDJPY,USDJPY_33,1,1.3739
2018-12-26 08:45:00,133363.46,ENTRY,EURUSD,EURUSD_20,2,2.8739
2018-12-26 09:40:00,134208.86,TP1,EURUSD,EURUSD_20,2,1.3652
2018-12-26 09:50:00,134155.09,BE_STOP,EURUSD,EURUSD_20,1,1.3657
2019-01-15 14:35:00,134155.09,ENTRY,EURUSD,EURUSD_21,2,2.8657
2019-01-15 14:55:00,135012.32,TP1,EURUSD,EURUSD_21,2,1.3571
2019-01-15 15:00:00,136044.73,TP2,EURUSD,EURUSD_21,1,1.3468
2019-01-17 08:55:00,136044.73,ENTRY,EURUSD,EURUSD_22,2,2.8468
2019-01-17 10:35:00,136834.83,TP1,EURUSD,EURUSD_22,2,1.339
2019-01-17 10:45:00,137910.69,TP2,EURUSD,EURUSD_22,1,1.3286
2019-03-15 10:35:00,137910.69,ENTRY,USDJPY,USDJPY_34,2,2.8286
2019-03-17 21:35:00,138811.79,TP1,USDJPY,USDJPY_34,2,1.3199
2019-03-18 02:55:00,138617.86,BE_STOP,USDJPY,USDJPY_34,1,1.3218
2019-03-20 08:25:00,138617.86,ENTRY,EURUSD,EURUSD_23,2,2.8218
2019-03-20 10:45:00,139521.17,TP1,EURUSD,EURUSD_23,2,1.3132
2019-03-20 12:55:00,139443.46,BE_STOP,EURUSD,EURUSD_23,1,1.314
2019-04-25 12:35:00,139443.46,ENTRY,GBPUSD,GBPUSD_35,2,2.314
2019-04-25 14:35:00,139947.83,TP1,GBPUSD,GBPUSD_35,2,1.3092
2019-04-25 16:55:00,139939.01,BE_STOP,GBPUSD,GBPUSD_35,1,1.3093
2019-04-30 10:45:00,139939.01,ENTRY,EURUSD,EURUSD_24,2,2.8093
2019-04-30 10:55:00,140736.72,TP1,EURUSD,EURUSD_24,2,1.3019
2019-04-30 11:00:00,141953.13,TP2,EURUSD,EURUSD_24,1,1.2907
2019-05-13 15:55:00,141953.13,ENTRY,USDJPY,USDJPY_35,2,2.7907
2019-05-13 19:35:00,142832.0,TP1,USDJPY,USDJPY_35,2,1.2828
2019-05-13 20:45:00,142819.53,BE_STOP,USDJPY,USDJPY_35,1,1.2829
2019-05-15 10:00:00,142819.53,ENTRY,EURUSD,EURUSD_25,2,2.7829
2019-05-15 10:10:00,144074.66,TP2,EURUSD,EURUSD_25,1,1.2717
2019-08-19 09:00:00,144074.66,ENTRY,USDJPY,USDJPY_36,2,2.7717
2019-08-19 10:05:00,144753.9,TP1,USDJPY,USDJPY_36,2,1.2657
2019-08-19 14:30:00,144601.17,BE_STOP,USDJPY,USDJPY_36,1,1.2671
2019-09-18 15:00:00,144601.17,ENTRY,GBPUSD,GBPUSD_36,2,2.2671
2019-09-18 15:05:00,144457.69,BE_STOP,GBPUSD,GBPUSD_36,1,1.2683
2019-09-24 17:00:00,144457.69,ENTRY,USDJPY,USDJPY_37,2,2.7683
2019-09-24 19:50:00,145293.81,TP1,USDJPY,USDJPY_37,2,1.261
2019-09-24 20:50:00,145242.51,BE_STOP,USDJPY,USDJPY_37,1,1.2615
2019-10-03 08:50:00,145242.51,ENTRY,EURUSD,EURUSD_26,2,2.7615
2019-10-03 09:35:00,145992.51,TP1,EURUSD,EURUSD_26,2,1.255
2019-10-03 09:55:00,145867.9,BE_STOP,EURUSD,EURUSD_26,1,1.2561
2019-10-16 11:50:00,145867.9,ENTRY,USDJPY,USDJPY_38,2,2.7561
2019-10-16 12:15:00,146792.6,TP1,USDJPY,USDJPY_38,2,1.2482
2019-10-16 14:30:00,146588.36,BE_STOP,USDJPY,USDJPY_38,1,1.2499
2019-12-02 10:00:00,146588.36,ENTRY,GBPUSD,GBPUSD_37,2,2.2499
2019-12-02 12:30:00,144919.6,STOP,GBPUSD,GBPUSD_37,1,1.2643
2019-12-10 09:30:00,144919.6,ENTRY,USDJPY,USDJPY_39,2,2.7643
2019-12-10 11:00:00,145887.79,TP1,USDJPY,USDJPY_39,2,1.2559
2019-12-10 11:05:00,145829.87,BE_STOP,USDJPY,USDJPY_39,1,1.2564
2019-12-11 11:10:00,145829.87,ENTRY,EURUSD,EURUSD_27,2,2.7564
2019-12-11 11:25:00,143580.26,STOP,EURUSD,EURUSD_27,1,1.2761
2020-01-15 11:10:00,143580.26,ENTRY,EURUSD,EURUSD_28,2,2.7761
2020-01-16 07:30:00,141307.86,STOP,EURUSD,EURUSD_28,1,1.2966
2020-01-16 10:00:00,141307.86,ENTRY,USDJPY,USDJPY_40,2,2.7966
2020-01-16 10:40:00,142124.99,TP1,USDJPY,USDJPY_40,2,1.2892
2020-01-16 17:10:00,143378.82,TP2,USDJPY,USDJPY_40,1,1.2779
2020-01-17 10:25:00,143378.82,ENTRY,USDJPY,USDJPY_41,2,2.7779
2020-01-20 19:50:00,141158.09,STOP,USDJPY,USDJPY_41,1,1.298
2020-04-12 18:10:00,141158.09,ENTRY,USDJPY,USDJPY_42,2,2.798
2020-04-12 18:15:00,138890.29,STOP,USDJPY,USDJPY_42,1,1.3192
2020-06-04 08:35:00,138890.29,ENTRY,EURUSD,EURUSD_29,2,2.8192
2020-06-04 08:50:00,139781.68,TP1,EURUSD,EURUSD_29,2,1.3108
2020-06-04 09:15:00,141016.49,TP2,EURUSD,EURUSD_29,1,1.2993
2020-06-09 17:00:00,141016.49,ENTRY,GBPUSD,GBPUSD_38,2,2.2993
2020-06-09 19:15:00,141283.2,TP1,GBPUSD,GBPUSD_38,2,1.2968
2020-06-09 19:55:00,142030.4,TP2,GBPUSD,GBPUSD_38,1,1.29
2020-06-15 11:05:00,142030.4,ENTRY,USDJPY,USDJPY_43,2,2.79
2020-06-15 12:05:00,142951.3,TP1,USDJPY,USDJPY_43,2,1.2817
2020-06-15 12:55:00,144124.49,TP2,USDJPY,USDJPY_43,1,1.2713
2020-07-02 14:10:00,144124.49,ENTRY,EURUSD,EURUSD_30,2,2.7713
2020-07-02 16:00:00,144939.03,TP1,EURUSD,EURUSD_30,2,1.2641
2020-07-02 21:15:00,146178.27,TP2,EURUSD,EURUSD_30,1,1.2534
2021-02-01 13:35:00,146178.27,ENTRY,EURUSD,EURUSD_31,2,2.7534
2021-02-01 15:35:00,143534.99,STOP,EURUSD,EURUSD_31,1,1.2765
2021-02-19 12:05:00,143534.99,ENTRY,USDJPY,USDJPY_44,2,2.7765
2021-02-19 12:55:00,144789.97,TP2,USDJPY,USDJPY_44,1,1.2654
2021-03-25 08:35:00,144789.97,ENTRY,USDJPY,USDJPY_45,2,2.7654
2021-03-25 09:30:00,142267.08,STOP,USDJPY,USDJPY_45,1,1.2879
2021-04-09 11:45:00,142267.08,ENTRY,USDJPY,USDJPY_46,2,2.7879
2021-04-11 22:00:00,139790.05,STOP,USDJPY,USDJPY_46,1,1.3107
2021-05-11 09:55:00,139790.05,ENTRY,GBPUSD,GBPUSD_39,2,2.3107
2021-05-11 12:35:00,138341.28,STOP,GBPUSD,GBPUSD_39,1,1.3244
2021-05-25 10:50:00,138341.28,ENTRY,USDJPY,USDJPY_47,2,2.8244
2021-05-25 13:20:00,138957.68,TP1,USDJPY,USDJPY_47,2,1.3185
2021-05-25 14:25:00,140141.26,TP2,USDJPY,USDJPY_47,1,1.3074
2021-07-13 08:40:00,140141.26,ENTRY,USDJPY,USDJPY_48,2,2.8074
2021-07-13 08:50:00,141055.77,TP1,USDJPY,USDJPY_48,2,1.2989
2021-07-13 10:25:00,141041.22,BE_STOP,USDJPY,USDJPY_48,1,1.2991
2021-07-29 08:55:00,141041.22,ENTRY,USDJPY,USDJPY_49,2,2.7991
2021-07-29 09:00:00,138622.59,STOP,USDJPY,USDJPY_49,1,1.3217
2021-08-10 12:00:00,138622.59,ENTRY,EURUSD,EURUSD_32,2,2.8217
2021-08-11 02:30:00,136391.59,STOP,EURUSD,EURUSD_32,1,1.3434
2021-09-07 12:10:00,136391.59,ENTRY,EURUSD,EURUSD_33,2,2.8434
2021-09-07 14:05:00,137205.55,TP1,EURUSD,EURUSD_33,2,1.3354
2021-09-07 14:55:00,137139.49,BE_STOP,EURUSD,EURUSD_33,1,1.336
2021-10-14 12:50:00,137139.49,ENTRY,USDJPY,USDJPY_50,2,2.836
2021-10-14 18:25:00,134639.11,STOP,USDJPY,USDJPY_50,1,1.3608
2021-12-02 09:20:00,134639.11,ENTRY,EURUSD,EURUSD_34,2,2.8608
2021-12-02 10:25:00,135529.84,TP1,EURUSD,EURUSD_34,2,1.3519
2021-12-02 10:30:00,136689.79,TP2,EURUSD,EURUSD_34,1,1.3404
2022-01-13 11:25:00,136689.79,ENTRY,GBPUSD,GBPUSD_40,2,2.3404
2022-01-13 12:05:00,137216.2,TP1,GBPUSD,GBPUSD_40,2,1.3353
2022-01-13 15:45:00,138021.64,TP2,GBPUSD,GBPUSD_40,1,1.3275
2022-02-18 12:00:00,138021.64,ENTRY,USDJPY,USDJPY_51,2,2.8275
2022-02-18 13:35:00,135635.49,STOP,USDJPY,USDJPY_51,1,1.3508
2022-05-10 14:30:00,135635.49,ENTRY,EURUSD,EURUSD_35,2,2.8508
2022-05-10 21:15:00,132936.37,STOP,EURUSD,EURUSD_35,1,1.3783
2022-10-20 08:20:00,132936.37,ENTRY,USDJPY,USDJPY_52,2,2.8783
2022-10-20 08:35:00,133486.84,TP1,USDJPY,USDJPY_52,2,1.3726
2022-10-20 08:40:00,134544.56,TP2,USDJPY,USDJPY_52,1,1.3618
2022-10-28 13:55:00,134544.56,ENTRY,EURUSD,EURUSD_36,2,2.8618
2022-10-28 14:50:00,135272.23,TP1,EURUSD,EURUSD_36,2,1.3545
2022-10-28 15:40:00,136392.41,TP2,EURUSD,EURUSD_36,1,1.3433
2022-12-30 14:40:00,136392.41,ENTRY,EURUSD,EURUSD_37,2,2.8433
2022-12-30 15:05:00,137159.23,TP1,EURUSD,EURUSD_37,2,1.3358
2022-12-30 15:25:00,137116.4,BE_STOP,EURUSD,EURUSD_37,1,1.3363
2023-02-03 08:05:00,137116.4,ENTRY,GBPUSD,GBPUSD_41,2,2.3363
2023-02-03 08:20:00,137683.55,TP1,GBPUSD,GBPUSD_41,2,1.3307
2023-02-03 08:30:00,138477.48,TP2,GBPUSD,GBPUSD_41,1,1.3231
2023-06-14 14:45:00,138477.48,ENTRY,EURUSD,EURUSD_38,2,2.8231
2023-06-14 21:40:00,139387.92,TP1,EURUSD,EURUSD_38,2,1.3145
2023-06-15 04:45:00,139354.4,BE_STOP,EURUSD,EURUSD_38,1,1.3148
2023-08-23 07:55:00,139354.4,ENTRY,EURUSD,EURUSD_39,2,2.8148
2023-08-23 08:35:00,137198.62,STOP,EURUSD,EURUSD_39,1,1.3354
2023-08-29 15:10:00,137198.62,ENTRY,USDJPY,USDJPY_53,2,2.8354
2023-08-29 15:20:00,134986.4,STOP,USDJPY,USDJPY_53,1,1.3573
2023-09-08 09:05:00,134986.4,ENTRY,EURUSD,EURUSD_40,2,2.8573
2023-09-08 09:30:00,135840.69,TP1,EURUSD,EURUSD_40,2,1.3488
2023-09-08 09:45:00,136961.6,TP2,EURUSD,EURUSD_40,1,1.3378
2023-09-20 14:30:00,136961.6,ENTRY,EURUSD,EURUSD_41,2,2.8378
2023-09-20 15:00:00,137859.06,TP1,EURUSD,EURUSD_41,2,1.3291
2023-09-20 15:55:00,139081.85,TP2,EURUSD,EURUSD_41,1,1.3174
2023-10-05 14:30:00,139081.85,ENTRY,USDJPY,USDJPY_54,2,2.8174
2023-10-05 16:15:00,139741.99,TP1,USDJPY,USDJPY_54,2,1.3111
2023-10-05 19:15:00,139689.19,BE_STOP,USDJPY,USDJPY_54,1,1.3116
2023-10-10 09:00:00,139689.19,ENTRY,USDJPY,USDJPY_55,2,2.8116
2023-10-10 10:00:00,140563.8,TP1,USDJPY,USDJPY_55,2,1.3035
2023-10-10 11:10:00,141808.43,TP2,USDJPY,USDJPY_55,1,1.292
2023-11-01 07:40:00,141808.43,ENTRY,EURUSD,EURUSD_42,2,2.792
2023-11-01 07:55:00,139130.32,STOP,EURUSD,EURUSD_42,1,1.3169
2023-11-08 10:00:00,139130.32,ENTRY,USDJPY,USDJPY_56,2,2.8169
2023-11-08 11:20:00,139940.93,TP1,USDJPY,USDJPY_56,2,1.3093
2023-11-08 12:30:00,139885.1,BE_STOP,USDJPY,USDJPY_56,1,1.3098
2023-11-20 14:55:00,139885.1,ENTRY,EURUSD,EURUSD_43,2,2.8098
2023-11-20 19:50:00,137590.3,STOP,EURUSD,EURUSD_43,1,1.3316
2023-12-15 15:55:00,137590.3,ENTRY,EURUSD,EURUSD_44,2,2.8316
2023-12-17 22:05:00,138514.64,TP1,EURUSD,EURUSD_44,2,1.3228
2023-12-18 00:00:00,139538.56,TP2,EURUSD,EURUSD_44,1,1.3131
2024-01-19 08:15:00,139538.56,ENTRY,EURUSD,EURUSD_45,2,2.8131
2024-01-19 08:40:00,140172.96,TP1,EURUSD,EURUSD_45,2,1.3071
2024-01-19 09:20:00,141392.9,TP2,EURUSD,EURUSD_45,1,1.2958
2024-02-07 12:05:00,141392.9,ENTRY,EURUSD,EURUSD_46,2,2.7958
2024-02-07 13:10:00,142067.47,TP1,EURUSD,EURUSD_46,2,1.2897
2024-02-07 20:30:00,143225.39,TP2,EURUSD,EURUSD_46,1,1.2793
2024-02-13 19:00:00,143225.39,ENTRY,USDJPY,USDJPY_57,2,2.7793
2024-02-13 19:20:00,143910.97,TP1,USDJPY,USDJPY_57,2,1.2732
2024-02-13 19:25:00,145085.34,TP2,USDJPY,USDJPY_57,1,1.2629
2024-03-06 08:15:00,145085.34,ENTRY,GBPUSD,GBPUSD_42,2,2.2629
2024-03-06 10:50:00,143362.42,STOP,GBPUSD,GBPUSD_42,1,1.278
2024-03-13 09:15:00,143362.42,ENTRY,GBPUSD,GBPUSD_43,2,2.278
2024-03-13 12:10:00,141857.11,STOP,GBPUSD,GBPUSD_43,1,1.2916
2024-06-12 14:00:00,141857.11,ENTRY,USDJPY,USDJPY_58,2,2.7916
2024-06-30 17:25:00,141857.11,ENTRY,USDJPY,USDJPY_59,3,4.2916
2024-06-30 20:15:00,139433.97,STOP,USDJPY,USDJPY_59,2,2.8401
2024-08-28 09:55:00,139433.97,ENTRY,EURUSD,EURUSD_47,3,4.3401
2024-08-28 10:15:00,140109.25,TP1,EURUSD,EURUSD_47,3,2.8264
2024-08-28 10:45:00,141220.14,TP2,EURUSD,EURUSD_47,2,2.8042
2024-09-10 12:05:00,141220.14,ENTRY,GBPUSD,GBPUSD_44,3,3.8042
2024-09-10 13:05:00,141785.75,TP1,GBPUSD,GBPUSD_44,3,2.793
2024-09-10 14:20:00,142593.51,TP2,GBPUSD,GBPUSD_44,2,2.7772
2024-10-25 09:55:00,142593.51,ENTRY,EURUSD,EURUSD_48,3,4.2772
2024-10-25 11:25:00,143370.84,TP1,EURUSD,EURUSD_48,3,2.7621
2024-10-25 11:35:00,144602.25,TP2,EURUSD,EURUSD_48,2,2.7386
2024-12-02 07:10:00,144602.25,ENTRY,GBPUSD,GBPUSD_45,3,3.7386
2024-12-02 07:35:00,145237.36,TP1,GBPUSD,GBPUSD_45,3,2.7266
2024-12-02 07:50:00,146081.44,TP2,GBPUSD,GBPUSD_45,2,2.7109
2024-12-10 07:50:00,146081.44,ENTRY,GBPUSD,GBPUSD_46,3,3.7109
2024-12-10 09:50:00,146738.8,TP1,GBPUSD,GBPUSD_46,3,2.6987
2024-12-10 10:00:00,147549.38,TP2,GBPUSD,GBPUSD_46,2,2.6839
2024-12-20 13:45:00,147549.38,ENTRY,USDJPY,USDJPY_60,3,4.1839
2024-12-20 15:50:00,148309.57,TP1,USDJPY,USDJPY_60,3,2.6701
2024-12-20 15:55:00,149523.93,TP2,USDJPY,USDJPY_60,2,2.6485
2025-01-29 14:50:00,149523.93,ENTRY,USDJPY,USDJPY_61,3,4.1485
2025-01-29 14:55:00,149491.88,BE_STOP,USDJPY,USDJPY_61,2,2.649
2025-04-24 17:20:00,149491.88,ENTRY,EURUSD,EURUSD_49,3,4.149
2025-04-24 19:25:00,150399.61,TP1,EURUSD,EURUSD_49,3,2.633
2025-04-24 20:00:00,151721.41,TP2,EURUSD,EURUSD_49,2,2.6101
2025-06-15 17:05:00,151721.41,ENTRY,USDJPY,USDJPY_62,3,4.1101
2025-06-15 17:20:00,152678.58,TP1,USDJPY,USDJPY_62,3,2.5937
2025-06-15 17:25:00,153794.44,TP2,USDJPY,USDJPY_62,2,2.5749
2025-08-06 09:00:00,153794.44,ENTRY,GBPUSD,GBPUSD_47,3,3.5749
2025-08-06 10:35:00,152235.65,STOP,GBPUSD,GBPUSD_47,2,2.6013
2025-08-13 12:05:00,152235.65,ENTRY,GBPUSD,GBPUSD_48,3,3.6013
2025-08-13 20:55:00,150451.71,STOP,GBPUSD,GBPUSD_48,2,2.6321
2025-08-19 11:10:00,150451.71,ENTRY,USDJPY,USDJPY_63,3,4.1321
2025-08-19 13:00:00,148179.21,STOP,USDJPY,USDJPY_63,2,2.6725
2025-08-26 10:00:00,148179.21,ENTRY,GBPUSD,GBPUSD_49,3,3.6725
2025-08-26 10:10:00,148721.95,TP1,GBPUSD,GBPUSD_49,3,2.6627
2025-08-26 10:20:00,148601.39,BE_STOP,GBPUSD,GBPUSD_49,2,2.6649
2025-09-04 12:10:00,148601.39,ENTRY,EURUSD,EURUSD_50,3,4.1649
2025-09-04 15:10:00,149407.53,TP1,EURUSD,EURUSD_50,3,2.6505
2025-09-04 20:00:00,150704.42,TP2,EURUSD,EURUSD_50,2,2.6277
2025-10-14 13:45:00,150704.42,ENTRY,EURUSD,EURUSD_51,3,4.1277
2025-10-14 21:15:00,147787.68,STOP,EURUSD,EURUSD_51,2,2.6796
2025-10-20 09:10:00,147787.68,ENTRY,EURUSD,EURUSD_52,3,4.1796
2025-10-20 13:40:00,145467.74,STOP,EURUSD,EURUSD_52,2,2.7223
2025-11-04 09:45:00,145467.74,ENTRY,USDJPY,USDJPY_64,3,4.2223
2025-11-04 10:00:00,146284.78,TP1,USDJPY,USDJPY_64,3,2.7071
2025-11-04 10:05:00,146198.42,BE_STOP,USDJPY,USDJPY_64,2,2.7087
2025-11-17 12:10:00,146198.42,ENTRY,USDJPY,USDJPY_65,3,4.2087
2025-11-17 14:00:00,147180.58,TP1,USDJPY,USDJPY_65,3,2.6906
2025-11-17 14:40:00,147142.74,BE_STOP,USDJPY,USDJPY_65,2,2.6913
2025-12-12 12:25:00,147142.74,ENTRY,EURUSD,EURUSD_53,3,4.1913
2025-12-12 13:05:00,144337.5,STOP,EURUSD,EURUSD_53,2,2.7436
2025-12-21 17:05:00,144337.5,ENTRY,USDJPY,USDJPY_66,3,4.2436
2025-12-21 20:45:00,145189.58,TP1,USDJPY,USDJPY_66,3,2.7275
2025-12-22 02:55:00,145083.33,BE_STOP,USDJPY,USDJPY_66,2,2.7295
2025-12-22 12:35:00,145083.33,ENTRY,EURUSD,EURUSD_54,3,4.2295
2025-12-22 13:05:00,145867.84,TP1,EURUSD,EURUSD_54,3,2.7148
2025-12-22 16:25:00,145801.49,BE_STOP,EURUSD,EURUSD_54,2,2.7161
2026-01-21 08:45:00,145801.49,ENTRY,USDJPY,USDJPY_67,3,4.2161
2026-01-21 09:00:00,146716.94,TP1,USDJPY,USDJPY_67,3,2.6991
2026-01-21 09:05:00,147999.87,TP2,USDJPY,USDJPY_67,2,2.6757
2026-02-04 15:35:00,147999.87,ENTRY,GBPUSD,GBPUSD_50,3,3.6757
2026-02-04 18:55:00,146469.89,STOP,GBPUSD,GBPUSD_50,2,2.7037
2026-02-25 07:35:00,146469.89,ENTRY,USDJPY,USDJPY_68,3,4.2037
2026-02-25 09:30:00,147292.21,TP1,USDJPY,USDJPY_68,3,2.6886
2026-02-25 09:40:00,148513.97,TP2,USDJPY,USDJPY_68,2,2.6665
2026-03-15 16:45:00,148513.97,ENTRY,GBPUSD,GBPUSD_51,3,3.6665
2026-03-15 18:10:00,148963.28,TP1,GBPUSD,GBPUSD_51,3,2.6584
2026-03-15 19:00:00,149776.75,TP2,GBPUSD,GBPUSD_51,2,2.644
