trade_key,pair,trade_id,entry_time,entry_price,orig_stop_price,R,direction,portfolio_equity_at_entry,per_pair_equity_at_entry,scale_factor,risk_usd,risk_pct,total_portfolio_pnl,tp1_hit,tp2_hit,exit_time,exit_price,exit_event,exit_mode,equity_after,pnl_pct
GBPUSD_1,GBPUSD,1,2011-02-21 09:15:00,1.62194,1.6206,0.00134,bull,100000.0,99999.99,1.00000010000001,1000.0,0.01,373.86,True,False,2011-02-21 10:50:00,1.62173,BE_STOP,dual_tp,100373.86,0.37386003738600376
EURUSD_1,EURUSD,1,2011-03-14 14:25:00,1.39918,1.40028,0.00111,bear,100373.86003738601,100000.0,1.0037386003738602,1505.60790056079,0.015,1379.53,True,True,2011-03-14 21:50:00,1.39764,TP2,dual_tp,101753.39,1.3743900000000004
GBPUSD_2,GBPUSD,2,2011-04-01 16:00:00,1.61173,1.61321,0.00148,bear,101753.38833235383,100373.86,1.0137439003775868,1017.5338833235384,0.01,387.89,True,False,2011-04-03 18:15:00,1.61194,BE_STOP,dual_tp,102141.28,0.38120482763141716
GBPUSD_3,GBPUSD,3,2011-04-17 17:05:00,1.63094,1.62884,0.0021,bull,102141.27716095532,100756.49,1.0137439003775868,1021.4127716095531,0.01,-1068.71,False,False,2011-04-17 21:05:00,1.62875,STOP,dual_tp,101072.57,-1.04630480875227
USDJPY_1,USDJPY,1,2011-05-03 10:30:00,80.80377,80.6809,0.12287,bull,101072.56806629925,100000.0,1.0107256806629925,1516.0885209944888,0.015,1423.12,True,True,2011-05-03 11:45:00,80.98053,TP2,dual_tp,102495.69,1.4080199999999998
GBPUSD_4,GBPUSD,4,2011-07-27 16:05:00,1.63241,1.631,0.00141,bull,102495.69003918636,99702.27,1.0280176172436832,1024.9569003918637,0.01,299.46,True,False,2011-07-27 18:00:00,1.63238,BE_STOP,dual_tp,102795.15,0.2921698773759114
GBPUSD_5,GBPUSD,5,2011-08-14 17:55:00,1.62857,1.62677,0.00181,bull,102795.15157108945,99993.58,1.0280175144353212,1027.9515157108945,0.01,374.48,True,False,2011-08-14 20:50:00,1.62833,BE_STOP,dual_tp,103169.63,0.3642933876354862
GBPUSD_6,GBPUSD,6,2011-08-30 17:10:00,1.63011,1.63172,0.00161,bear,103169.6275110728,100357.85,1.0280175144353212,1031.696275110728,0.01,-1124.82,False,False,2011-08-31 02:30:00,1.63186,STOP,dual_tp,102044.81,-1.0902585099222433
USDJPY_2,USDJPY,2,2011-12-11 17:00:00,77.58242,77.47937,0.10305,bull,102044.81186747825,101408.02,1.0062795020302955,1530.6721780121736,0.015,-27.77,False,False,2011-12-11 17:05:00,77.57774,BE_STOP,dual_tp,102017.04,-0.027216782262389105
GBPUSD_7,GBPUSD,7,2011-12-16 09:25:00,1.5535,1.55576,0.00226,bear,102017.03855322221,99263.69,1.0277377211467982,1020.1703855322222,0.01,996.3,True,True,2011-12-16 09:45:00,1.55028,TP2,dual_tp,103013.34,0.9766008094198394
GBPUSD_8,GBPUSD,8,2012-02-03 16:20:00,1.58158,1.58311,0.00154,bear,103013.33777747913,100233.11,1.0277376186120448,1030.1333777747914,0.01,367.89,True,False,2012-02-03 16:55:00,1.58166,BE_STOP,dual_tp,103381.23,0.35712750008455296
GBPUSD_9,GBPUSD,9,2012-02-16 08:30:00,1.56725,1.56884,0.00159,bear,103381.2267354375,100591.06,1.0277377207819214,1033.812267354375,0.01,-1039.13,False,False,2012-02-16 09:10:00,1.56885,STOP,dual_tp,102342.1,-1.0051390252771968
USDJPY_3,USDJPY,3,2012-05-23 09:30:00,79.42091,79.34865,0.07226,bull,102342.10168070933,102057.5,1.002788640528225,1535.13152521064,0.015,-1620.79,False,False,2012-05-23 09:40:00,79.34462,STOP,dual_tp,100721.31,-1.583695465791343
GBPUSD_10,GBPUSD,10,2012-08-02 13:35:00,1.55025,1.54879,0.00146,bull,100721.31445679636,99579.98,1.0114614850976709,1007.2131445679636,0.01,391.1,True,False,2012-08-02 14:55:00,1.55016,BE_STOP,dual_tp,101112.42,0.38830094161497125
GBPUSD_11,GBPUSD,11,2012-10-17 09:55:00,1.61609,1.61782,0.00173,bear,101112.41626923908,99966.65,1.0114614850976709,1011.1241626923909,0.01,963.99,True,True,2012-10-17 19:05:00,1.61353,TP2,dual_tp,102076.41,0.9533879548829535
GBPUSD_12,GBPUSD,12,2012-11-21 11:05:00,1.59303,1.59457,0.00155,bear,102076.40986684112,100919.72,1.0114614850976709,1020.7640986684112,0.01,-1041.9,False,False,2012-11-21 14:40:00,1.59461,STOP,dual_tp,101034.51,-1.0207023959242056
USDJPY_4,USDJPY,4,2012-12-03 10:20:00,82.25876,82.3735,0.11474,bear,101034.51350565685,100441.20999999999,1.0059069729014303,1515.5177025848527,0.015,278.44,True,False,2012-12-03 15:40:00,82.29983,BE_STOP,dual_tp,101312.95,0.27558409541263
GBPUSD_13,GBPUSD,13,2012-12-14 09:30:00,1.61216,1.61075,0.00141,bull,101312.94855575597,99889.63,1.0142489120818243,1013.1294855575597,0.01,964.04,True,True,2012-12-14 11:15:00,1.61401,TP2,dual_tp,102276.99,0.9515502259844189
EURUSD_2,EURUSD,2,2012-12-31 10:40:00,1.32135,1.32285,0.0015,bear,102276.99214668975,101374.40000000001,1.0089035510611135,1534.1548822003463,0.015,835.38,False,True,2012-12-31 10:55:00,1.3193,TP2,dual_tp,103112.37,0.8167841190675358
GBPUSD_14,GBPUSD,14,2013-03-13 09:10:00,1.49574,1.49771,0.00197,bear,103112.37437600386,100840.12999999999,1.0225331361235241,1031.1237437600387,0.01,1010.54,True,True,2013-03-13 09:40:00,1.493,TP2,dual_tp,104122.91,0.9800364200244487
GBPUSD_15,GBPUSD,15,2013-04-15 17:20:00,1.52833,1.5267,0.00163,bull,104122.91319844066,101828.39,1.022533236540818,1041.2291319844066,0.01,341.26,True,False,2013-04-15 21:05:00,1.52829,BE_STOP,dual_tp,104464.17,0.3277474975299129
EURUSD_3,EURUSD,3,2013-04-22 10:25:00,1.30269,1.30135,0.00134,bull,104464.17344080379,102697.1,1.0172066537497533,1566.9626016120567,0.015,668.3,True,False,2013-04-22 11:15:00,1.30269,BE_STOP,dual_tp,105132.48,0.6397454261123245
GBPUSD_16,GBPUSD,16,2013-08-01 08:15:00,1.52248,1.52426,0.00178,bear,105132.47821231738,102162.14,1.0290747454224958,1051.324782123174,0.01,552.98,False,True,2013-08-01 08:30:00,1.52013,TP2,dual_tp,105685.46,0.5259874156903918
EURUSD_4,EURUSD,4,2013-09-24 10:25:00,1.34756,1.3467,0.00087,bull,105685.46181751761,103354.09999999999,1.0225570327400424,1585.2819272627642,0.015,1419.07,True,True,2013-09-24 10:45:00,1.34874,TP2,dual_tp,107104.54,1.3427333797111096
GBPUSD_17,GBPUSD,17,2013-10-08 10:45:00,1.61072,1.61244,0.00172,bear,107104.53579084326,103065.24,1.0391916400800432,1071.0453579084326,0.01,1092.14,True,True,2013-10-08 11:30:00,1.60821,TP2,dual_tp,108196.67,1.0196939336676458
EURUSD_5,EURUSD,5,2014-01-13 10:15:00,1.36488,1.36358,0.00129,bull,108196.67424498538,104741.87,1.0329839847711844,1622.9501136747806,0.015,556.78,True,False,2014-01-13 13:00:00,1.3648,BE_STOP,dual_tp,108753.45,0.5145984122681788
GBPUSD_18,GBPUSD,18,2014-01-23 14:55:00,1.66173,1.66333,0.0016,bear,108753.45261277705,104116.19,1.0445393037603186,1087.5345261277705,0.01,-1237.7,False,False,2014-01-23 16:05:00,1.66355,STOP,dual_tp,107515.76,-1.1380746836779179
USDJPY_5,USDJPY,5,2014-03-10 12:10:00,103.23604,103.1388,0.09724,bull,107515.75710096538,100718.02,1.067492759497907,1612.7363565144806,0.015,1633.85,True,True,2014-03-10 22:45:00,103.37717,TP2,dual_tp,109149.61,1.5196386902760797
USDJPY_6,USDJPY,6,2014-04-25 09:35:00,102.04575,101.94666,0.09909,bull,109149.6081440149,102248.56000000001,1.067492863899647,1637.2441221602235,0.015,1405.78,True,True,2014-04-25 12:30:00,102.18914,TP2,dual_tp,110555.39,1.287939898615687
GBPUSD_19,GBPUSD,19,2014-05-16 10:55:00,1.68251,1.68408,0.00157,bear,110555.38949648433,102931.26999999999,1.0740700031825543,1105.5538949648433,0.01,420.79,True,False,2014-05-18 20:15:00,1.68259,BE_STOP,dual_tp,110976.18,0.38061319946795574
GBPUSD_20,GBPUSD,20,2014-06-06 09:00:00,1.68226,1.68029,0.00197,bull,110976.17790163116,103323.04000000001,1.074070003182554,1109.7617790163117,0.01,-1128.15,False,False,2014-06-06 09:10:00,1.68026,STOP,dual_tp,109848.03,-1.0165690053254337
EURUSD_6,EURUSD,6,2014-06-11 09:20:00,1.35451,1.35567,0.00116,bear,109848.02847378836,105280.86,1.0433808051509872,1647.7204271068254,0.015,1592.32,True,True,2014-06-11 10:15:00,1.35293,TP2,dual_tp,111440.35,1.4495702257751315
GBPUSD_21,GBPUSD,21,2014-06-13 11:35:00,1.6958,1.69406,0.00174,bull,111440.35278814538,102272.69,1.0896394021526703,1114.4035278814538,0.01,388.9,True,False,2014-06-13 16:45:00,1.69579,BE_STOP,dual_tp,111829.26,0.3489787938500494
USDJPY_7,USDJPY,7,2014-06-13 10:30:00,102.01956,102.13884,0.11927,bear,111440.35278814538,103565.46,1.0760378294862532,1671.6052918221806,0.015,1471.33,True,True,2014-06-15 21:25:00,101.85447,TP2,dual_tp,113300.59,1.3202857400527164
EURUSD_7,EURUSD,7,2014-07-10 12:05:00,1.35987,1.35915,0.00073,bull,113300.58707369403,106806.98,1.0607975908849219,1699.5088061054103,0.015,-1718.14,False,False,2014-07-10 12:20:00,1.35914,STOP,dual_tp,111582.45,-1.516445835281552
EURUSD_8,EURUSD,8,2014-07-15 12:10:00,1.35725,1.35603,0.00122,bull,111582.44503966544,105187.31,1.0607975908849219,1673.7366755949815,0.015,-1823.08,False,False,2014-07-16 00:30:00,1.35592,STOP,dual_tp,109759.37,-1.6338377699743438
GBPUSD_22,GBPUSD,22,2014-08-08 11:10:00,1.67991,1.67849,0.00142,bull,109759.36890794653,102629.6,1.0694708827467565,1097.5936890794653,0.01,-1415.02,False,False,2014-08-08 11:30:00,1.67808,STOP,dual_tp,108344.35,-1.289199217379781
GBPUSD_23,GBPUSD,23,2014-08-26 10:10:00,1.65819,1.65671,0.00148,bull,108344.3519829843,101306.5,1.0694708827467567,1083.443519829843,0.01,-1206.51,False,False,2014-08-26 11:45:00,1.65654,STOP,dual_tp,107137.84,-1.1135909344415218
EURUSD_9,EURUSD,9,2014-09-02 11:10:00,1.31223,1.31104,0.00119,bull,107137.83910132237,103468.70999999999,1.0354612433200567,1607.0675865198355,0.015,666.05,True,False,2014-09-02 14:40:00,1.31216,BE_STOP,dual_tp,107803.89,0.6216758670326519
GBPUSD_24,GBPUSD,24,2014-10-02 12:10:00,1.61299,1.61099,0.002,bull,107803.88919147557,100178.36,1.0761195251297342,1078.0388919147556,0.01,1060.56,True,True,2014-10-02 14:30:00,1.61591,TP2,dual_tp,108864.45,0.9837853205023519
GBPUSD_25,GBPUSD,25,2014-10-09 15:35:00,1.61178,1.61016,0.00162,bull,108864.44802827193,101163.89,1.076119631503612,1088.6444802827193,0.01,381.33,True,False,2014-10-09 22:45:00,1.61177,BE_STOP,dual_tp,109245.78,0.35028309014214454
USDJPY_8,USDJPY,8,2014-10-27 14:25:00,107.69931,107.6061,0.09321,bull,109245.78178089154,104932.81,1.041102223231147,1638.686726713373,0.015,1591.81,True,True,2014-10-27 17:45:00,107.82228,TP2,dual_tp,110837.6,1.4570943063470807
EURUSD_10,EURUSD,10,2014-12-15 08:00:00,1.24271,1.24195,0.00076,bull,110837.59584714528,104111.95,1.0646001332906097,1662.563937707179,0.015,-1848.41,False,False,2014-12-15 08:15:00,1.24187,STOP,dual_tp,108989.18,-1.6676759968476242
USDJPY_9,USDJPY,9,2015-01-20 16:15:00,118.77135,118.87465,0.1033,bear,108989.18386571946,106461.78,1.0237400113516744,1634.8377579857918,0.015,1460.06,True,True,2015-01-20 18:30:00,118.62572,TP2,dual_tp,110449.24,1.3396356889768326
GBPUSD_26,GBPUSD,26,2015-03-02 12:10:00,1.53664,1.53505,0.00159,bull,110449.24186990921,101518.25,1.0879742496537244,1104.492418699092,0.01,1076.71,True,True,2015-03-03 01:00:00,1.53883,TP2,dual_tp,111525.96,0.9748493497474592
EURUSD_11,EURUSD,11,2015-05-04 07:30:00,1.11352,1.11216,0.00136,bull,111525.95558607901,102375.7,1.089379174804949,1672.8893337911852,0.015,1674.13,True,True,2015-05-04 08:10:00,1.1155,TP2,dual_tp,113200.08,1.5011081731309286
USDJPY_10,USDJPY,10,2015-05-04 09:50:00,120.13843,120.25569,0.11725,bear,113200.08082054401,107887.98,1.049237188614932,1698.0012123081601,0.015,559.72,True,False,2015-05-04 10:25:00,120.14546,BE_STOP,dual_tp,113759.8,0.49444803767759865
USDJPY_11,USDJPY,11,2015-09-30 07:20:00,120.23485,120.35813,0.12329,bear,113759.79639881065,108421.43000000001,1.0492371886149319,1706.3969459821597,0.015,1660.04,True,True,2015-09-30 08:50:00,120.06317,TP2,dual_tp,115419.84,1.4592502607648687
USDJPY_12,USDJPY,12,2015-10-01 15:50:00,119.87105,119.96496,0.0939,bear,115419.83652440588,110003.57,1.0492371886149319,1731.297547866088,0.015,685.02,True,False,2015-10-01 20:15:00,119.88221,BE_STOP,dual_tp,116104.85,0.5934989200805028
USDJPY_13,USDJPY,13,2015-10-28 11:45:00,120.39918,120.32015,0.07904,bull,116104.85200773692,110656.43000000001,1.0492372834342922,1741.5727801160538,0.015,934.62,False,True,2015-10-28 11:55:00,120.50522,TP2,dual_tp,117039.47,0.8049780749297624
USDJPY_14,USDJPY,14,2015-12-07 10:10:00,123.3748,123.46898,0.09418,bear,117039.47061032885,112056.56999999999,1.0444677238499167,1755.5920591549327,0.015,1544.18,True,True,2015-12-07 10:40:00,123.24555,TP2,dual_tp,118583.65,1.3193693149808177
USDJPY_15,USDJPY,15,2015-12-22 08:00:00,120.97393,120.84657,0.12736,bull,118583.65347197751,113535.01,1.0444677238499165,1778.7548020796626,0.015,-1942.05,False,False,2015-12-22 10:05:00,120.83487,STOP,dual_tp,116641.6,-1.6377062898924304
USDJPY_16,USDJPY,16,2016-02-02 08:10:00,120.74195,120.86944,0.1275,bear,116641.60152028268,111675.64,1.0444677238499165,1749.6240228042402,0.015,1725.36,True,True,2016-02-02 08:50:00,120.56945,TP2,dual_tp,118366.96,1.4791945674096876
GBPUSD_27,GBPUSD,27,2016-02-12 15:35:00,1.45074,1.45225,0.00151,bear,118366.95775331036,102507.91,1.154710477984678,1183.6695775331036,0.01,397.15,True,False,2016-02-12 16:55:00,1.45077,BE_STOP,dual_tp,118764.11,0.3355253267772213
USDJPY_17,USDJPY,17,2016-04-21 08:40:00,109.70721,109.82146,0.11426,bear,118764.1088751084,113327.55,1.0479720851205943,1781.4616331266259,0.015,511.83,True,False,2016-04-21 08:50:00,109.71741,BE_STOP,dual_tp,119275.94,0.4309631682675572
GBPUSD_28,GBPUSD,28,2016-05-26 14:00:00,1.46534,1.46392,0.00142,bull,119275.9384414813,102851.84999999999,1.1596868548449182,1192.759384414813,0.01,1213.47,True,True,2016-05-26 16:50:00,1.46742,TP2,dual_tp,120489.41,1.0173662408600332
EURUSD_12,EURUSD,12,2016-07-26 10:00:00,1.09965,1.09842,0.00123,bull,120489.41157265393,103912.47,1.1595279331985269,1807.341173589809,0.015,-1902.95,False,False,2016-07-26 10:40:00,1.09835,STOP,dual_tp,118586.46,-1.5793484651072196
USDJPY_18,USDJPY,18,2016-08-15 14:10:00,101.17942,101.28805,0.10863,bear,118586.4639003645,113815.95000000001,1.0419142826674512,1778.7969585054675,0.015,637.66,True,False,2016-08-15 20:30:00,101.17994,BE_STOP,dual_tp,119224.13,0.5377190103847483
GBPUSD_29,GBPUSD,29,2016-12-28 09:55:00,1.22128,1.21953,0.00174,bull,119224.1258604998,103898.24,1.1475086186301116,1192.241258604998,0.01,1157.85,True,True,2016-12-28 10:55:00,1.22387,TP2,dual_tp,120381.97,0.9711521581116291
EURUSD_13,EURUSD,13,2017-01-02 18:10:00,1.04603,1.04487,0.00116,bull,120381.97353178376,102271.33,1.1770842672309412,1805.7296029767563,0.015,1712.42,True,True,2017-01-02 20:25:00,1.04767,TP2,dual_tp,122094.4,1.4224905454930528
GBPUSD_30,GBPUSD,30,2017-01-17 18:00:00,1.24025,1.24163,0.00138,bear,122094.39572375134,104907.24,1.1638319311779752,1220.9439572375134,0.01,881.84,True,True,2017-01-17 19:35:00,1.23856,TP2,dual_tp,122976.23,0.7222571101861034
USDJPY_19,USDJPY,19,2017-03-31 09:05:00,111.86721,111.71432,0.1529,bull,122976.23117800489,114427.97,1.0747042980663284,1844.6434676700733,0.015,-1974.2,False,False,2017-03-31 09:10:00,111.70358,STOP,dual_tp,121002.03,-1.6053505100195344
GBPUSD_31,GBPUSD,31,2017-04-09 17:45:00,1.2379,1.23643,0.00147,bull,121002.031623586,105664.94,1.1451483493350396,1210.02031623586,0.01,1145.86,True,True,2017-04-10 03:35:00,1.23982,TP2,dual_tp,122147.89,0.9469744647562381
USDJPY_21,USDJPY,21,2017-07-05 08:25:00,113.55334,113.66853,0.11519,bear,122147.88996489762,114012.37,1.0713564674157516,1832.2183494734643,0.015,1870.02,True,True,2017-07-05 10:00:00,113.3817,TP2,dual_tp,124017.91,1.5309479138097033
USDJPY_22,USDJPY,22,2017-07-26 08:30:00,111.80827,111.71186,0.09641,bull,124017.9105380778,115757.83,1.0713565599672852,1860.268658071167,0.015,282.98,True,False,2017-07-26 09:35:00,111.77526,BE_STOP,dual_tp,124300.89,0.22817462974210898
USDJPY_23,USDJPY,23,2017-07-28 08:55:00,111.07454,111.30184,0.22729,bear,124300.88794626197,116021.97,1.0713564676264502,1864.5133191939294,0.015,1828.16,True,True,2017-07-28 11:05:00,110.75891,TP2,dual_tp,126129.05,1.4707559266576842
USDJPY_24,USDJPY,24,2017-09-15 07:35:00,111.21798,111.34004,0.12206,bear,126129.05062261975,117728.37999999999,1.0713563766240541,1891.935759339296,0.015,1847.73,True,True,2017-09-15 08:30:00,111.04845,TP2,dual_tp,127976.78,1.4649483837287154
EURUSD_14,EURUSD,14,2017-09-18 14:10:00,1.19324,1.19232,0.00092,bull,127976.77611112819,103726.12,1.233795076024517,1919.6516416669228,0.015,1880.43,True,True,2017-09-18 14:35:00,1.19448,TP2,dual_tp,129857.2,1.4693502465916974
USDJPY_25,USDJPY,25,2017-12-04 08:55:00,112.94571,113.05186,0.10615,bear,129857.20318649715,119453.04000000001,1.0870983541858552,1947.8580477974572,0.015,-2186.79,False,False,2017-12-04 09:35:00,113.06488,STOP,dual_tp,127670.42,-1.683992303586413
GBPUSD_32,GBPUSD,32,2018-01-09 11:15:00,1.35218,1.35055,0.00163,bull,127670.41787918397,106665.56,1.1969225856891763,1276.7041787918397,0.01,469.49,True,False,2018-01-10 00:50:00,1.35194,BE_STOP,dual_tp,128139.91,0.36773819028372423
USDJPY_26,USDJPY,26,2018-02-01 07:25:00,109.6488,109.75702,0.10821,bear,128139.91076342054,117441.46,1.0910960300001424,1922.098661451308,0.015,1951.85,True,True,2018-02-01 08:35:00,109.49024,TP2,dual_tp,130091.76,1.5232184613508721
USDJPY_27,USDJPY,27,2018-02-16 08:40:00,106.22692,106.35229,0.12536,bear,130091.7615405275,119230.34000000001,1.0910961215117518,1951.3764231079124,0.015,-2166.39,False,False,2018-02-16 09:30:00,106.3661,STOP,dual_tp,127925.37,-1.6652808337206788
EURUSD_15,EURUSD,15,2018-03-12 09:25:00,1.23007,1.22895,0.00113,bull,127925.36836934349,105250.22,1.2154403892870105,1918.8805255401521,0.015,1827.56,True,True,2018-03-12 10:10:00,1.23165,TP2,dual_tp,129752.93,1.4286145910193824
USDJPY_28,USDJPY,28,2018-03-19 14:50:00,105.87231,105.78342,0.0889,bull,129752.92884748323,117244.83,1.1066835855148855,1946.2939327122483,0.015,1114.05,False,True,2018-03-19 15:05:00,105.99952,TP2,dual_tp,130866.98,0.8585964941908312
EURUSD_16,EURUSD,16,2018-04-24 09:15:00,1.22111,1.22237,0.00126,bear,130866.98294567765,106753.84,1.2258761178584083,1963.0047441851648,0.015,-2128.29,False,False,2018-04-24 09:25:00,1.22248,STOP,dual_tp,128738.69,-1.6263021545641827
GBPUSD_33,GBPUSD,33,2018-05-31 08:35:00,1.33298,1.33495,0.00197,bear,128738.69038241895,107057.82,1.2025155227560111,1287.3869038241896,0.01,1188.12,True,True,2018-05-31 09:20:00,1.33045,TP2,dual_tp,129926.81,0.9228938156969757
GBPUSD_34,GBPUSD,34,2018-06-13 15:05:00,1.33657,1.3389,0.00233,bear,129926.81179436758,108045.85,1.2025155227560111,1299.2681179436759,0.01,-1417.55,False,False,2018-06-13 23:50:00,1.33912,STOP,dual_tp,128509.26,-1.0910368144634892
USDJPY_29,USDJPY,29,2018-07-05 12:00:00,110.62285,110.51825,0.10459,bull,128509.26244583234,119013.93,1.0797833702813808,1927.638936687485,0.015,665.41,True,False,2018-07-05 14:10:00,110.62085,BE_STOP,dual_tp,129174.67,0.5177881278267173
USDJPY_30,USDJPY,30,2018-07-18 09:40:00,112.8184,112.69917,0.11924,bull,129174.66814993453,119630.16,1.07978346054151,1937.620022249018,0.015,-2130.95,False,False,2018-07-18 20:10:00,112.68727,STOP,dual_tp,127043.72,-1.6496676089039752
EURUSD_17,EURUSD,17,2018-08-07 09:55:00,1.15995,1.16088,0.00093,bear,127043.71549055586,105017.7,1.2097362205662079,1905.6557323583377,0.015,1949.19,True,True,2018-08-07 13:25:00,1.15859,TP2,dual_tp,128992.9,1.5342651762512414
USDJPY_31,USDJPY,31,2018-09-21 12:35:00,112.60331,112.49498,0.10833,bull,128992.90297594316,117656.66,1.096350202155519,1934.8935446391472,0.015,-1992.7,False,False,2018-09-23 17:00:00,112.49174,STOP,dual_tp,127000.2,-1.5448169274905474
USDJPY_32,USDJPY,32,2018-09-24 10:15:00,112.56714,112.67931,0.11217,bear,127000.19877550933,115839.07999999999,1.0963502021555191,1905.0029816326398,0.015,710.94,True,False,2018-09-24 11:10:00,112.5884,BE_STOP,dual_tp,127711.14,0.5597938105171416
EURUSD_18,EURUSD,18,2018-10-10 14:15:00,1.15347,1.1546,0.00113,bear,127711.1380275991,106628.95,1.1977154236968393,1915.6670704139863,0.015,1901.47,True,True,2018-10-10 15:15:00,1.15189,TP2,dual_tp,129612.61,1.4888827096206048
EURUSD_19,EURUSD,19,2018-10-23 14:15:00,1.1482,1.14899,0.00078,bear,129612.60707995173,108216.52,1.1977155343745274,1944.189106199276,0.015,1872.47,True,True,2018-10-23 14:40:00,1.14713,TP2,dual_tp,131485.08,1.444668521959494
USDJPY_33,USDJPY,33,2018-10-30 10:05:00,112.86969,112.98882,0.11913,bear,131485.07961492683,116487.54,1.1287480155811243,1972.2761942239024,0.015,1878.38,True,True,2018-10-30 10:40:00,112.69986,TP2,dual_tp,133363.46,1.4285905599860724
EURUSD_20,EURUSD,20,2018-12-26 08:45:00,1.13855,1.13743,0.00112,bull,133363.46305009583,109779.9,1.2148258747739415,2000.4519457514373,0.015,791.63,True,False,2018-12-26 09:50:00,1.13847,BE_STOP,dual_tp,134155.09,0.5935877150553062
EURUSD_21,EURUSD,21,2019-01-15 14:35:00,1.13921,1.13811,0.0011,bull,134155.09218313353,110431.54000000001,1.2148258747739415,2012.3263827470028,0.015,1889.64,True,True,2019-01-15 15:00:00,1.14062,TP2,dual_tp,136044.73,1.40854686985258
EURUSD_22,EURUSD,22,2019-01-17 08:55:00,1.13922,1.1407,0.00148,bear,136044.7295348269,111987.01999999999,1.2148258747739418,2040.6709430224037,0.015,1865.96,True,True,2019-01-17 10:45:00,1.13727,TP2,dual_tp,137910.69,1.3715785990197793
USDJPY_34,USDJPY,34,2019-03-15 10:35:00,111.51064,111.37387,0.13677,bull,137910.68993022095,118151.67,1.1672343685892967,2068.660348953314,0.015,707.17,True,False,2019-03-18 02:55:00,111.47859,BE_STOP,dual_tp,138617.86,0.5127731161142285
EURUSD_23,EURUSD,23,2019-03-20 08:25:00,1.13568,1.13668,0.001,bear,138617.85887243075,113523.01,1.221055175267382,2079.267883086461,0.015,825.6,True,False,2019-03-20 12:55:00,1.13577,BE_STOP,dual_tp,139443.46,0.5955973154693485
GBPUSD_35,GBPUSD,35,2019-04-25 12:35:00,1.29006,1.29125,0.00119,bear,139443.46311863605,106867.02,1.304831585260224,1394.4346311863605,0.01,495.55,True,False,2019-04-25 16:55:00,1.29008,BE_STOP,dual_tp,139939.01,0.3553762423617689
EURUSD_24,EURUSD,24,2019-04-30 10:45:00,1.12189,1.12298,0.00109,bear,139939.01205808617,114199.15000000001,1.225394515266411,2099.0851808712923,0.015,2014.12,True,True,2019-04-30 11:00:00,1.12032,TP2,dual_tp,141953.13,1.4392839176123464
USDJPY_35,USDJPY,35,2019-05-13 15:55:00,109.27878,109.39674,0.11796,bear,141953.1317531038,118757.52,1.1953190985556434,2129.296976296557,0.015,866.4,True,False,2019-05-13 20:45:00,109.28051,BE_STOP,dual_tp,142819.53,0.6103445070257446
EURUSD_25,EURUSD,25,2019-05-15 10:00:00,1.11871,1.11785,0.00087,bull,142819.53489530992,115842.8,1.2328736433797345,2142.2930234296487,0.015,1255.13,False,True,2019-05-15 10:10:00,1.11998,TP2,dual_tp,144074.66,0.8788202633223644
USDJPY_36,USDJPY,36,2019-08-19 09:00:00,106.59105,106.7044,0.11335,bear,144074.66190795266,119482.35,1.2058238050051129,2161.1199286192896,0.015,526.51,True,False,2019-08-19 14:30:00,106.61107,BE_STOP,dual_tp,144601.17,0.36544309682559806
GBPUSD_36,GBPUSD,36,2019-09-18 15:00:00,1.24779,1.24951,0.00172,bear,144601.1728141701,107246.81,1.3483027869469508,1446.011728141701,0.01,-143.49,False,False,2019-09-18 15:05:00,1.24822,BE_STOP,dual_tp,144457.69,-0.09922905865451849
USDJPY_37,USDJPY,37,2019-09-24 17:00:00,107.07107,106.95219,0.11888,bull,144457.68643158322,119919.0,1.204627176940962,2166.8652964737485,0.015,784.83,True,False,2019-09-24 20:50:00,107.06404,BE_STOP,dual_tp,145242.51,0.5432917219122908
EURUSD_26,EURUSD,26,2019-10-03 08:50:00,1.09609,1.09712,0.00103,bear,145242.51308363202,117477.75,1.2363406098910816,2178.63769625448,0.015,625.39,True,False,2019-10-03 09:55:00,1.09623,BE_STOP,dual_tp,145867.9,0.43058366371504386
USDJPY_38,USDJPY,38,2019-10-16 11:50:00,108.75531,108.85217,0.09686,bear,145867.90361773933,120570.51000000001,1.2098141047735413,2188.0185542660897,0.015,720.46,True,False,2019-10-16 14:30:00,108.77792,BE_STOP,dual_tp,146588.36,0.4939101609506337
GBPUSD_37,GBPUSD,37,2019-12-02 10:00:00,1.29268,1.29427,0.00158,bear,146588.360015273,107513.01,1.3634476424320463,1465.8836001527302,0.01,-1668.76,False,False,2019-12-02 12:30:00,1.29449,STOP,dual_tp,144919.6,-1.138401761796084
USDJPY_39,USDJPY,39,2019-12-10 09:30:00,108.64691,108.53361,0.1133,bull,144919.59554227116,121166.01,1.196041658401322,2173.793933134067,0.015,910.27,True,False,2019-12-10 11:05:00,108.63936,BE_STOP,dual_tp,145829.87,0.6281216984862339
EURUSD_27,EURUSD,27,2019-12-11 11:10:00,1.10879,1.10959,0.0008,bear,145829.86696723066,117983.59,1.2360182205612718,2187.4480045084597,0.015,-2249.6,False,False,2019-12-11 11:25:00,1.10961,STOP,dual_tp,143580.26,-1.542621308607409
EURUSD_28,EURUSD,28,2020-01-15 11:10:00,1.11519,1.11643,0.00124,bear,143580.2643650803,116163.55,1.2360182205612715,2153.7039654762048,0.015,-2272.41,False,False,2020-01-16 07:30:00,1.1165,STOP,dual_tp,141307.86,-1.5826737388793644
USDJPY_40,USDJPY,40,2020-01-16 10:00:00,110.02475,109.92026,0.10449,bull,141307.85722676062,121927.08,1.1589538372177912,2119.617858401409,0.015,2070.96,True,True,2020-01-16 17:10:00,110.17927,TP2,dual_tp,143378.82,1.4655644996993282
USDJPY_41,USDJPY,41,2020-01-17 10:25:00,110.10774,110.22034,0.1126,bear,143378.81501756184,123714.0,1.1589538372177912,2150.6822252634274,0.015,-2220.73,False,False,2020-01-20 19:50:00,110.22401,STOP,dual_tp,141158.09,-1.5488546162924162
USDJPY_42,USDJPY,42,2020-04-12 18:10:00,108.42938,108.27067,0.15871,bull,141158.08562237697,121797.84999999999,1.1589538372177914,2117.3712843356543,0.015,-2267.79,False,False,2020-04-12 18:15:00,108.2594,STOP,dual_tp,138890.29,-1.60656366265907
EURUSD_29,EURUSD,29,2020-06-04 08:35:00,1.12203,1.11932,0.00271,bull,138890.2911118627,114325.06,1.2148717972408036,2083.3543666779406,0.015,2126.2,True,True,2020-06-04 09:15:00,1.12605,TP2,dual_tp,141016.49,1.5308454681764438
GBPUSD_38,GBPUSD,38,2020-06-09 17:00:00,1.27294,1.27428,0.00134,bear,141016.4868390857,106289.09,1.3267258835228122,1410.164868390857,0.01,1013.91,True,True,2020-06-09 19:55:00,1.27117,TP2,dual_tp,142030.4,0.7190013575240883
USDJPY_43,USDJPY,43,2020-06-15 11:05:00,107.39443,107.50089,0.10646,bear,142030.39729379152,119841.09000000001,1.1851560870632227,2130.455959406873,0.015,2094.09,True,True,2020-06-15 12:55:00,107.24787,TP2,dual_tp,144124.49,1.4743941330974208
EURUSD_30,EURUSD,30,2020-07-02 14:10:00,1.12328,1.12242,0.00087,bull,144124.48513870614,116075.20999999999,1.241647421001488,2161.867277080592,0.015,2053.78,True,True,2020-07-02 21:15:00,1.12453,TP2,dual_tp,146178.27,1.4250071139220855
EURUSD_31,EURUSD,31,2021-02-01 13:35:00,1.20701,1.20608,0.00093,bull,146178.26930483629,117729.29000000001,1.241647421001488,2192.674039572544,0.015,-2643.28,False,False,2021-02-01 15:35:00,1.20589,STOP,dual_tp,143534.99,-1.808258590534267
USDJPY_44,USDJPY,44,2021-02-19 12:05:00,105.5779,105.67737,0.09947,bear,143534.98819263728,121608.02,1.1803085700485647,2153.024822889559,0.015,1254.99,False,True,2021-02-19 12:55:00,105.43295,TP2,dual_tp,144789.97,0.8743420047460685
USDJPY_45,USDJPY,45,2021-03-25 08:35:00,109.07497,109.15708,0.08211,bear,144789.97488591282,123400.39,1.1733348240302386,2171.8496232886923,0.015,-2522.89,False,False,2021-03-25 09:30:00,109.17035,STOP,dual_tp,142267.08,-1.7424499225650745
USDJPY_46,USDJPY,46,2021-04-09 11:45:00,109.67449,109.54544,0.12905,bull,142267.08208063123,121250.20000000001,1.1733348240302384,2134.0062312094683,0.015,-2477.03,False,False,2021-04-11 22:00:00,109.5247,STOP,dual_tp,139790.05,-1.7411105301269603
GBPUSD_39,GBPUSD,39,2021-05-11 09:55:00,1.41404,1.41592,0.00188,bear,139790.054933621,107053.31000000001,1.3057985309713542,1397.90054933621,0.01,-1448.77,False,False,2021-05-11 12:35:00,1.41599,STOP,dual_tp,138341.28,-1.036390187281458
USDJPY_47,USDJPY,47,2021-05-25 10:50:00,108.93439,109.08085,0.14646,bear,138341.2845214936,119139.09999999999,1.161174497050033,2075.119267822404,0.015,1799.97,True,True,2021-05-25 14:25:00,108.72554,TP2,dual_tp,140141.26,1.3011093755114818
USDJPY_48,USDJPY,48,2021-07-13 08:40:00,110.36634,110.18345,0.18289,bull,140141.25594460577,120689.23,1.1611744970500333,2102.1188391690866,0.015,899.97,True,False,2021-07-13 10:25:00,110.36318,BE_STOP,dual_tp,141041.22,0.6421865480457536
USDJPY_49,USDJPY,49,2021-07-29 08:55:00,109.71667,109.86499,0.14831,bear,141041.2242385444,121464.27,1.1611745926480637,2115.6183635781663,0.015,-2418.63,False,False,2021-07-29 09:00:00,109.88623,STOP,dual_tp,138622.59,-1.7148417390562671
EURUSD_32,EURUSD,32,2021-08-10 12:00:00,1.17195,1.17092,0.00103,bull,138622.5904560259,115600.44,1.1991527926366534,2079.3388568403884,0.015,-2231.0,False,False,2021-08-11 02:30:00,1.17085,STOP,dual_tp,136391.59,-1.6094056389404743
EURUSD_33,EURUSD,33,2021-09-07 12:10:00,1.18456,1.18367,0.00089,bull,136391.59066838128,113739.95999999999,1.1991527926366536,2045.873860025719,0.015,747.9,True,False,2021-09-07 14:55:00,1.18449,BE_STOP,dual_tp,137139.49,0.5483473002803939
USDJPY_50,USDJPY,50,2021-10-14 12:50:00,113.61794,113.71844,0.1005,bear,137139.49027362082,119381.35,1.1487513776115015,2057.092354104312,0.015,-2500.38,False,False,2021-10-14 18:25:00,113.7401,STOP,dual_tp,134639.11,-1.8232412349165092
EURUSD_34,EURUSD,34,2021-12-02 09:20:00,1.13378,1.13484,0.00106,bear,134639.10653759784,114363.65000000001,1.177289344451649,2019.5865980639674,0.015,2050.68,True,True,2021-12-02 10:30:00,1.13227,TP2,dual_tp,136689.79,1.5230975926354222
GBPUSD_40,GBPUSD,40,2022-01-13 11:25:00,1.37313,1.37496,0.00182,bear,136689.79152801784,105943.81999999999,1.29021014654765,1366.8979152801785,0.01,1331.85,True,True,2022-01-13 15:45:00,1.37044,TP2,dual_tp,138021.64,0.9743560313381185
USDJPY_51,USDJPY,51,2022-02-18 12:00:00,115.08732,114.99949,0.08783,bull,138021.63675599458,117204.73999999999,1.1776113897440887,2070.324551339919,0.015,-2386.15,False,False,2022-02-18 13:35:00,114.9861,STOP,dual_tp,135635.49,-1.7288208650947052
EURUSD_35,EURUSD,35,2022-05-10 14:30:00,1.05341,1.05258,0.00083,bull,135635.48990141173,116105.51,1.168208898108382,2034.532348521176,0.015,-2699.12,False,False,2022-05-10 21:15:00,1.05231,STOP,dual_tp,132936.37,-1.9899830765998958
USDJPY_52,USDJPY,52,2022-10-20 08:20:00,149.75466,149.67295,0.08171,bull,132936.36660651027,115178.48000000001,1.1541771223800683,1994.045499097654,0.015,1608.2,True,True,2022-10-20 08:40:00,149.86302,TP2,dual_tp,134544.56,1.2097485571957536
EURUSD_36,EURUSD,36,2022-10-28 13:55:00,0.99417,0.99275,0.00142,bull,134544.562383521,113795.03,1.1823412883982807,2018.168435752815,0.015,1847.85,True,True,2022-10-28 15:40:00,0.99614,TP2,dual_tp,136392.41,1.3734079599082667
EURUSD_37,EURUSD,37,2022-12-30 14:40:00,1.07024,1.0714,0.00116,bear,136392.40811292,115357.90000000001,1.1823412883982805,2045.8861216938,0.015,723.99,True,False,2022-12-30 15:25:00,1.0703,BE_STOP,dual_tp,137116.4,0.5308175686277229
GBPUSD_41,GBPUSD,41,2023-02-03 08:05:00,1.22508,1.22652,0.00143,bear,137116.4029774578,106976.08,1.2817482466870893,1371.164029774578,0.01,1361.08,True,True,2023-02-03 08:30:00,1.22301,TP2,dual_tp,138477.48,0.9926424673627974
EURUSD_38,EURUSD,38,2023-06-14 14:45:00,1.08369,1.08662,0.00293,bear,138477.47862313234,115970.24,1.194077710136086,2077.162179346985,0.015,876.92,True,False,2023-06-15 04:45:00,1.08381,BE_STOP,dual_tp,139354.4,0.6332572908359937
EURUSD_39,EURUSD,39,2023-08-23 07:55:00,1.08137,1.08032,0.00105,bull,139354.3973526792,116704.63,1.1940777101360862,2090.315960290188,0.015,-2155.78,False,False,2023-08-23 08:35:00,1.08029,STOP,dual_tp,137198.62,-1.546973757596421
USDJPY_53,USDJPY,53,2023-08-29 15:10:00,145.85013,145.67858,0.17155,bull,137198.6213955766,116571.85,1.176944703164414,2057.979320933649,0.015,-2212.22,False,False,2023-08-29 15:20:00,145.66572,STOP,dual_tp,134986.4,-1.6124218668572214
EURUSD_40,EURUSD,40,2023-09-08 09:05:00,1.07048,1.06932,0.00116,bull,134986.40082316767,114899.23999999999,1.174824140030584,2024.796012347515,0.015,1975.2,True,True,2023-09-08 09:45:00,1.07209,TP2,dual_tp,136961.6,1.46325597976105
EURUSD_41,EURUSD,41,2023-09-20 14:30:00,1.07071,1.07387,0.00317,bear,136961.5974050769,116580.51,1.174824140030584,2054.4239610761533,0.015,2120.25,True,True,2023-09-20 15:55:00,1.06599,TP2,dual_tp,139081.85,1.5480632225746824
USDJPY_54,USDJPY,54,2023-10-05 14:30:00,148.39598,148.29664,0.09934,bull,139081.8495235557,114692.22,1.2126528680285,2086.2277428533353,0.015,607.35,True,False,2023-10-05 19:15:00,148.3897,BE_STOP,dual_tp,139689.19,0.43668175574594337
USDJPY_55,USDJPY,55,2023-10-10 09:00:00,148.96755,149.10736,0.1398,bear,139689.19458597907,115193.06,1.2126528680285,2095.3379187896862,0.015,2119.23,True,True,2023-10-10 11:10:00,148.75994,TP2,dual_tp,141808.43,1.5171052839467931
EURUSD_42,EURUSD,42,2023-11-01 07:40:00,1.05491,1.05401,0.00089,bull,141808.42673814567,118385.25,1.197855533000485,2127.126401072185,0.015,-2678.11,False,False,2023-11-01 07:55:00,1.05378,STOP,dual_tp,139130.32,-1.888537634544844
USDJPY_56,USDJPY,56,2023-11-08 10:00:00,150.85101,150.99572,0.14471,bear,139130.32123023985,116940.66,1.1897514622393943,2086.9548184535975,0.015,754.78,True,False,2023-11-08 12:30:00,150.86069,BE_STOP,dual_tp,139885.1,0.5424973657579837
EURUSD_43,EURUSD,43,2023-11-20 14:55:00,1.09428,1.09519,0.0009,bear,139885.09955788453,116149.5,1.2043538677125991,2098.276493368268,0.015,-2294.8,False,False,2023-11-20 19:50:00,1.09527,STOP,dual_tp,137590.3,-1.6404891971123423
EURUSD_44,EURUSD,44,2023-12-15 15:55:00,1.08989,1.08891,0.00099,bull,137590.2996112676,114244.08,1.2043538677125991,2063.854494169014,0.015,1948.26,True,True,2023-12-18 00:00:00,1.09112,TP2,dual_tp,139538.56,1.4159858436428387
EURUSD_45,EURUSD,45,2024-01-19 08:15:00,1.08843,1.0891,0.00067,bear,139538.5587759889,115861.76000000001,1.204353867712599,2093.0783816398334,0.015,1854.34,True,True,2024-01-19 09:20:00,1.08746,TP2,dual_tp,141392.9,1.3289112818586561
EURUSD_46,EURUSD,46,2024-02-07 12:05:00,1.07648,1.07549,0.00099,bull,141392.90242610598,117401.45999999999,1.2043538677125991,2120.89353639159,0.015,1832.48,True,True,2024-02-07 20:30:00,1.07783,TP2,dual_tp,143225.39,1.2960230647898248
USDJPY_57,USDJPY,57,2024-02-13 19:00:00,150.72971,150.80817,0.07846,bear,143225.3870535241,117575.04999999999,1.2181613960914675,2148.3808058028612,0.015,1859.95,True,True,2024-02-13 19:25:00,150.62248,TP2,dual_tp,145085.34,1.298617351215245
GBPUSD_42,GBPUSD,42,2024-03-06 08:15:00,1.27168,1.27315,0.00147,bear,145085.33678114632,108037.97,1.3429106154173975,1450.8533678114634,0.01,-1722.91,False,False,2024-03-06 10:50:00,1.27342,STOP,dual_tp,143362.42,-1.187517684754721
GBPUSD_43,GBPUSD,43,2024-03-13 09:15:00,1.27956,1.28063,0.00107,bear,143362.42274888427,106755.0,1.3429106154173975,1433.6242274888427,0.01,-1505.31,False,False,2024-03-13 12:10:00,1.28068,STOP,dual_tp,141857.11,-1.050002341810688
USDJPY_59,USDJPY,59,2024-06-30 17:25:00,160.80301,160.95528,0.15227,bear,141857.11395274446,120926.95999999999,1.1730809569077438,2127.8567092911667,0.015,-2423.14,False,False,2024-06-30 20:15:00,160.97641,STOP,dual_tp,139433.97,-1.7081550714580105
EURUSD_47,EURUSD,47,2024-08-28 09:55:00,1.11152,1.11042,0.0011,bull,139433.9744665367,118923.02,1.172472532790848,2091.50961699805,0.015,1786.17,True,True,2024-08-28 10:45:00,1.11299,TP2,dual_tp,141220.14,1.2810135497736266
GBPUSD_44,GBPUSD,44,2024-09-10 12:05:00,1.30617,1.30482,0.00135,bull,141220.14257244093,105634.08,1.3368805083779869,1412.2014257244093,0.01,1373.36,True,True,2024-09-10 14:20:00,1.30809,TP2,dual_tp,142593.51,0.9724986481635473
EURUSD_48,EURUSD,48,2024-10-25 09:55:00,1.08297,1.084,0.00103,bear,142593.50654989257,120446.44,1.1838748123223282,2138.9025982483886,0.015,2008.74,True,True,2024-10-25 11:35:00,1.08149,TP2,dual_tp,144602.25,1.4087174349030158
GBPUSD_45,GBPUSD,45,2024-12-02 07:10:00,1.27063,1.27236,0.00173,bear,144602.24613770045,106661.37,1.3557133771833276,1446.0224613770044,0.01,1479.19,True,True,2024-12-02 07:50:00,1.26811,TP2,dual_tp,146081.44,1.022938295279725
GBPUSD_46,GBPUSD,46,2024-12-10 07:50:00,1.27525,1.27652,0.00128,bear,146081.43788927764,107752.45,1.3557133771833276,1460.8143788927764,0.01,1467.94,True,True,2024-12-10 10:00:00,1.27347,TP2,dual_tp,147549.38,1.0048773832984772
USDJPY_60,USDJPY,60,2024-12-20 13:45:00,156.07423,155.94114,0.13309,bull,147549.3772198242,118861.34,1.2413571748377077,2213.240658297363,0.015,1974.55,True,True,2024-12-20 15:55:00,156.2568,TP2,dual_tp,149523.93,1.3382315898508297
USDJPY_61,USDJPY,61,2025-01-29 14:50:00,155.15995,154.98828,0.17167,bull,149523.92959640807,120451.97,1.2413572778959785,2242.8589439461207,0.015,-32.05,False,False,2025-01-29 14:55:00,155.15382,BE_STOP,dual_tp,149491.88,-0.021435930022564182
EURUSD_49,EURUSD,49,2025-04-24 17:20:00,1.1385,1.13985,0.00135,bear,149491.87775149278,122143.18000000001,1.2239068751238733,2242.378166272392,0.015,2229.53,True,True,2025-04-24 20:00:00,1.13651,TP2,dual_tp,151721.41,1.4914054145307172
USDJPY_62,USDJPY,62,2025-06-15 17:05:00,143.9604,143.84657,0.11383,bull,151721.4077105622,121126.59,1.2525854786348911,2275.821115658433,0.015,2073.03,True,True,2025-06-15 17:25:00,144.09993,TP2,dual_tp,153794.44,1.3663391332984776
GBPUSD_47,GBPUSD,47,2025-08-06 09:00:00,1.33168,1.33312,0.00144,bear,153794.43667770294,108835.23000000001,1.4130942405111186,1537.9443667770295,0.01,-1558.78,False,False,2025-08-06 10:35:00,1.33314,STOP,dual_tp,152235.65,-1.013550483607192
GBPUSD_48,GBPUSD,48,2025-08-13 12:05:00,1.35678,1.35862,0.00183,bear,152235.65242099512,107732.13,1.4130942405111186,1522.3565242099512,0.01,-1783.95,False,False,2025-08-13 20:55:00,1.35893,STOP,dual_tp,150451.71,-1.1718323957764503
USDJPY_63,USDJPY,63,2025-08-19 11:10:00,147.69863,147.53919,0.15944,bull,150451.70572800425,122781.59,1.2253604610268058,2256.775585920064,0.015,-2272.49,False,False,2025-08-19 13:00:00,147.53808,STOP,dual_tp,148179.21,-1.5104463136533741
GBPUSD_49,GBPUSD,49,2025-08-26 10:00:00,1.34789,1.34898,0.00109,bear,148179.213485007,106469.69,1.3917502106468704,1481.79213485007,0.01,422.17,True,False,2025-08-26 10:20:00,1.34811,BE_STOP,dual_tp,148601.39,0.2849073759865366
EURUSD_50,EURUSD,50,2025-09-04 12:10:00,1.16413,1.16303,0.0011,bull,148601.3869939046,123964.82,1.198738375886841,2229.020804908569,0.015,2103.03,True,True,2025-09-04 20:00:00,1.16574,TP2,dual_tp,150704.42,1.4152160266114209
EURUSD_51,EURUSD,51,2025-10-14 13:45:00,1.16046,1.16156,0.0011,bear,150704.4176384092,125719.19,1.1987383758868413,2260.566264576138,0.015,-2916.73,False,False,2025-10-14 21:15:00,1.16188,STOP,dual_tp,147787.68,-1.9354006337457312
EURUSD_52,EURUSD,52,2025-10-20 09:10:00,1.16575,1.16432,0.00143,bull,147787.68338435263,123286.02,1.1987383758868413,2216.8152507652894,0.015,-2319.94,False,False,2025-10-20 13:40:00,1.16426,STOP,dual_tp,145467.74,-1.5697805801501257
USDJPY_64,USDJPY,64,2025-11-04 09:45:00,153.44061,153.30387,0.13674,bull,145467.7410307313,120927.04,1.202938077627066,2182.0161154609696,0.015,730.68,True,False,2025-11-04 10:05:00,153.42708,BE_STOP,dual_tp,146198.42,0.502294606731464
USDJPY_65,USDJPY,65,2025-11-17 12:10:00,155.19322,155.30962,0.1164,bear,146198.41764846275,121534.44,1.2029381766062588,2192.9762647269413,0.015,944.32,True,False,2025-11-17 14:40:00,155.19824,BE_STOP,dual_tp,147142.74,0.6459156762478191
EURUSD_53,EURUSD,53,2025-12-12 12:25:00,1.17355,1.17481,0.00126,bear,147142.73614648043,121350.71,1.212541205127522,2207.1410421972064,0.015,-2805.24,False,False,2025-12-12 13:05:00,1.17515,STOP,dual_tp,144337.5,-1.9064742184038312
USDJPY_66,USDJPY,66,2025-12-21 17:05:00,157.52767,157.79803,0.27036,bear,144337.4978175938,122319.45,1.1800044704059232,2165.062467263907,0.015,745.83,True,False,2025-12-22 02:55:00,157.56083,BE_STOP,dual_tp,145083.33,0.5167289421265384
EURUSD_54,EURUSD,54,2025-12-22 12:35:00,1.17594,1.17681,0.00087,bear,145083.33144315856,119037.18000000001,1.2188068588583714,2176.2499716473785,0.015,718.16,True,False,2025-12-22 16:25:00,1.17601,BE_STOP,dual_tp,145801.49,0.4949966052623222
USDJPY_67,USDJPY,67,2026-01-21 08:45:00,157.87478,157.73462,0.14016,bull,145801.48900860368,122951.51999999999,1.185845356028162,2187.022335129055,0.015,2198.38,True,True,2026-01-21 09:05:00,158.08033,TP2,dual_tp,147999.87,1.5077894116315114
GBPUSD_50,GBPUSD,50,2026-02-04 15:35:00,1.36583,1.36427,0.00156,bull,147999.86842187648,106773.03,1.3861165916325169,1479.9986842187648,0.01,-1529.98,False,False,2026-02-04 18:55:00,1.36422,STOP,dual_tp,146469.89,-1.0337722924974593
USDJPY_68,USDJPY,68,2026-02-25 07:35:00,156.69415,156.83439,0.14023,bear,146469.88678919844,124805.37,1.1735864153056752,2197.0483018379764,0.015,2044.08,True,True,2026-02-25 09:40:00,156.4992,TP2,dual_tp,148513.97,1.3955649504504495
GBPUSD_51,GBPUSD,51,2026-03-15 16:45:00,1.32312,1.3217,0.00142,bull,148513.96919219295,105669.24,1.4054607489577189,1485.1396919219294,0.01,1262.78,True,True,2026-03-15 19:00:00,1.32507,TP2,dual_tp,149776.75,0.8502758229357948
